文書群番号？,文書番号,枝番1,枝番2,資料名,年号,干支,西暦,月,日,差出人・作成者,印文,宛名,奥書・端裏書・封上書,形態,数量,由来,入手日,情報入力日,情報更新日,所蔵機関,所蔵地点情報,画像データURL,画像公開条件,画像撮影者,備考
003,001,,,大福帳,大正5,,,12,吉,滝沢徳次,,,,縦帳,1,ヤフオク,2018年8月16日,2018年8月30日,2018年9月6日,合同会社AMANE,"38.354272, 140.861024",https://flic.kr/s/aHsmn7mQLL,Attribution-ShareAlike 2.0 Generic (CC BY-SA 2.0),合同会社AMANE,
003,002,,,大福帳,（大正5ヵ）,,,1,吉,滝沢徳次,,,,縦帳,1,ヤフオク,2018年8月16日,2018年8月30日,2018年9月6日,合同会社AMANE,"38.354272, 140.861024",https://flic.kr/s/aHsmn7mQLL,Attribution-ShareAlike 2.0 Generic (CC BY-SA 2.0),合同会社AMANE,
003,003,,,大福帳,（明治）,,,（2）,（吉）,滝沢徳次,,,,横半帳,1,ヤフオク,2018年8月16日,2018年8月30日,2018年9月6日,合同会社AMANE,"38.354272, 140.861024",https://flic.kr/s/aHsmn7mQLL,Attribution-ShareAlike 2.0 Generic (CC BY-SA 2.0),合同会社AMANE,
003,004,,,大福帳,明治43,,,旧正,1,大沼郡横田村　横田雄徳社　滝沢徳次,,,,横半帳,1,ヤフオク,2018年8月16日,2018年8月30日,2018年9月6日,合同会社AMANE,"38.354272, 140.861024",https://flic.kr/s/aHsmn7mQLL,Attribution-ShareAlike 2.0 Generic (CC BY-SA 2.0),合同会社AMANE,表紙に結び付いている史料あり？
003,005,,,大福帳,大正3,,,12,吉,滝沢徳次,,,,縦帳,1,ヤフオク,2018年8月16日,2018年8月30日,2018年9月6日,合同会社AMANE,"38.354272, 140.861024",https://flic.kr/s/aHsmn7mQLL,Attribution-ShareAlike 2.0 Generic (CC BY-SA 2.0),合同会社AMANE,縦帳は「若松佐島屋製」
003,006,,,地価帳,明治13,辰,,1,吉,滝沢徳次郎,,,,横半帳,1,ヤフオク,2018年8月16日,2018年8月30日,2018年9月6日,合同会社AMANE,"38.354272, 140.861024",https://flic.kr/s/aHsmn7mQLL,Attribution-ShareAlike 2.0 Generic (CC BY-SA 2.0),合同会社AMANE,
003,007,,,大福帳,明治42,,,正,元旦,上横田高盛堂　合名会社　滝沢徳次（朱印）,印文は「滝沢徳次」,,,横半帳,1,ヤフオク,2018年8月16日,2018年8月30日,2018年9月6日,合同会社AMANE,"38.354272, 140.861024",https://flic.kr/s/aHsmn7mQLL,Attribution-ShareAlike 2.0 Generic (CC BY-SA 2.0),合同会社AMANE,複数の付箋あり
003,008,,,大福帳,明治38,,,旧12,29,上横田　滝沢勇吉,,,,横帳,1,ヤフオク,2018年8月16日,2018年8月30日,2018年9月6日,合同会社AMANE,"38.354272, 140.861024",https://flic.kr/s/aHsmn7mQLL,Attribution-ShareAlike 2.0 Generic (CC BY-SA 2.0),合同会社AMANE,裏表紙に「金円帳」とあり。
003,009,,,大福帳,（明治26ヵ）,巳,,1,吉,横田村　滝沢源蔵,,,,横帳,1,ヤフオク,2018年8月16日,2018年8月30日,2018年9月6日,合同会社AMANE,"38.354272, 140.861024",https://flic.kr/s/aHsmn7mQLL,Attribution-ShareAlike 2.0 Generic (CC BY-SA 2.0),合同会社AMANE,裏表紙に「日下恵」とあり。
003,010,,,差引帳,明治28,,,正,吉,,,,,横帳,1,ヤフオク,2018年8月16日,2018年8月30日,2018年9月6日,合同会社AMANE,"38.354272, 140.861024",https://flic.kr/s/aHsmn7mQLL,Attribution-ShareAlike 2.0 Generic (CC BY-SA 2.0),合同会社AMANE,
003,011,,,大福帳,明治31,,,正,吉,横田村　滝沢源蔵,,,,横帳,1,ヤフオク,2018年8月16日,2018年8月30日,2018年9月6日,合同会社AMANE,"38.354272, 140.861024",https://flic.kr/s/aHsmn7mQLL,Attribution-ShareAlike 2.0 Generic (CC BY-SA 2.0),合同会社AMANE,表紙・裏表紙に結び付いている史料あり？。付箋あり？。裏表紙に「日下恵」とあり。
003,012,,,差引帳,明治23,寅,,1,吉,,,,,横帳,1,ヤフオク,2018年8月16日,2018年8月30日,2018年9月6日,合同会社AMANE,"38.354272, 140.861024",https://flic.kr/s/aHsmn7mQLL,Attribution-ShareAlike 2.0 Generic (CC BY-SA 2.0),合同会社AMANE,
003,013,,,大福帳,大正6,,,12,吉,滝沢徳次,,,,縦帳,1,ヤフオク,2018年8月16日,2018年8月30日,2018年9月6日,合同会社AMANE,"38.354272, 140.861024",https://flic.kr/s/aHsmn7mQLL,Attribution-ShareAlike 2.0 Generic (CC BY-SA 2.0),合同会社AMANE,
003,014,,,大福帳,明治29,,,正,吉,横田村　滝沢源蔵,,,,横帳,1,ヤフオク,2018年8月16日,2018年8月30日,2018年9月6日,合同会社AMANE,"38.354272, 140.861024",https://flic.kr/s/aHsmn7mQLL,Attribution-ShareAlike 2.0 Generic (CC BY-SA 2.0),合同会社AMANE,裏表紙に「日下恵」とあり。
003,015,,,差引帳,明治26,巳,,1,吉,,,,,横帳,1,ヤフオク,2018年8月16日,2018年8月30日,2018年9月6日,合同会社AMANE,"38.354272, 140.861024",https://flic.kr/s/aHsmn7mQLL,Attribution-ShareAlike 2.0 Generic (CC BY-SA 2.0),合同会社AMANE,
003,016,,,大福帳,明治11,,,1,,,,,,横帳,1,ヤフオク,2018年8月16日,2018年8月30日,2018年9月6日,合同会社AMANE,"38.354272, 140.861024",https://flic.kr/s/aHsmn7mQLL,Attribution-ShareAlike 2.0 Generic (CC BY-SA 2.0),合同会社AMANE,裏表紙に結び付いている史料あり？
003,017,,,差引帳,大正2,,,12,吉,滝沢徳次,,,,横帳,1,ヤフオク,2018年8月16日,2018年8月30日,2018年9月6日,合同会社AMANE,"38.354272, 140.861024",https://flic.kr/s/aHsmn7mQLL,Attribution-ShareAlike 2.0 Generic (CC BY-SA 2.0),合同会社AMANE,裏表紙の年代は「大正弐年旧拾弐月廿九日」とあり。
003,018,,,差引帳,明治37,,,正,吉,滝沢徳次,,,,横帳,1,ヤフオク,2018年8月16日,2018年8月30日,2018年9月6日,合同会社AMANE,"38.354272, 140.861024",https://flic.kr/s/aHsmn7mQLL,Attribution-ShareAlike 2.0 Generic (CC BY-SA 2.0),合同会社AMANE,表紙に結び付いている史料あり？
003,019,,,差引帳,明治27,,,正,吉,,,,,横帳,1,ヤフオク,2018年8月16日,2018年8月30日,2018年9月6日,合同会社AMANE,"38.354272, 140.861024",https://flic.kr/s/aHsmn7mQLL,Attribution-ShareAlike 2.0 Generic (CC BY-SA 2.0),合同会社AMANE,裏表紙に結び付いている史料あり？
003,020,,,売買帳,明治15,午,,1,,滝沢徳次郎,,,,横帳,1,ヤフオク,2018年8月16日,2018年8月30日,2018年9月6日,合同会社AMANE,"38.354272, 140.861024",https://flic.kr/s/aHsmn7mQLL,Attribution-ShareAlike 2.0 Generic (CC BY-SA 2.0),合同会社AMANE,表紙に結び付いている史料あり？。裏表紙に「日下恵」とあり。
003,021,,,大福帳,明治36,,,正,吉,横田村　滝沢勇吉,,,,横帳,1,ヤフオク,2018年8月16日,2018年8月30日,2018年9月6日,合同会社AMANE,"38.354272, 140.861024",https://flic.kr/s/aHsmn7mQLL,Attribution-ShareAlike 2.0 Generic (CC BY-SA 2.0),合同会社AMANE,裏表紙に「日下恵」とあり。
003,022,,,大福帳,明治22,丑,,1,吉,横田村　滝沢源蔵,,,,横帳,1,ヤフオク,2018年8月16日,2018年8月30日,2018年9月6日,合同会社AMANE,"38.354272, 140.861024",https://flic.kr/s/aHsmn7mQLL,Attribution-ShareAlike 2.0 Generic (CC BY-SA 2.0),合同会社AMANE,裏表紙に結び付いている史料あり？裏表紙に「日下恵」とあり。
003,023,,,差引帳,明治33,,,正,吉,横田村　滝沢源蔵,,,,横帳,1,ヤフオク,2018年8月16日,2018年8月30日,2018年9月6日,合同会社AMANE,"38.354272, 140.861024",https://flic.kr/s/aHsmn7mQLL,Attribution-ShareAlike 2.0 Generic (CC BY-SA 2.0),合同会社AMANE,付箋あり？
003,024,,,大福帳,明治16,未,,1,,横田村　滝沢徳次郎,,,,横帳,1,ヤフオク,2018年8月16日,2018年8月30日,2018年9月6日,合同会社AMANE,"38.354272, 140.861024",https://flic.kr/s/aHsmn7mQLL,Attribution-ShareAlike 2.0 Generic (CC BY-SA 2.0),合同会社AMANE,表紙に結び付いている史料あり？裏表紙に「西宮太神宮」とあり。
003,025,,,売買帳,明治12,卯,,1,,横田県　滝沢徳次郎,,,,横帳,1,ヤフオク,2018年8月16日,2018年8月30日,2018年9月6日,合同会社AMANE,"38.354272, 140.861024",https://flic.kr/s/aHsmn7mQLL,Attribution-ShareAlike 2.0 Generic (CC BY-SA 2.0),合同会社AMANE,表紙に結び付いている史料あり？。裏表紙に「日下恵」とあり。
003,026,,,差引帳,明治40,,,旧12,1,横田村　滝沢徳次,,,,横帳,1,ヤフオク,2018年8月16日,2018年8月30日,2018年9月6日,合同会社AMANE,"38.354272, 140.861024",https://flic.kr/s/aHsmn7mQLL,Attribution-ShareAlike 2.0 Generic (CC BY-SA 2.0),合同会社AMANE,表紙・裏表紙に結び付いている史料あり？裏表紙の年代は「明治四拾一年旧十二月元日」とあり。
003,027,,,差引帳,明治25,辰,,1,吉,,,,,横帳,1,ヤフオク,2018年8月16日,2018年8月30日,2018年9月6日,合同会社AMANE,"38.354272, 140.861024",https://flic.kr/s/aHsmn7mQLL,Attribution-ShareAlike 2.0 Generic (CC BY-SA 2.0),合同会社AMANE,表紙・裏表紙に結び付いている史料あり？
003,028,,,差引帳,大正元,,,12,吉,滝沢徳次,,,,横帳,1,ヤフオク,2018年8月16日,2018年8月30日,2018年9月6日,合同会社AMANE,"38.354272, 140.861024",https://flic.kr/s/aHsmn7mQLL,Attribution-ShareAlike 2.0 Generic (CC BY-SA 2.0),合同会社AMANE,裏表紙の年代は「大正一年旧十一月廿五日」とあり。
003,029,,,差引帳,明治34,,,正,吉,横田村　滝沢徳次,,,,横帳,1,ヤフオク,2018年8月16日,2018年8月30日,2018年9月6日,合同会社AMANE,"38.354272, 140.861024",https://flic.kr/s/aHsmn7mQLL,Attribution-ShareAlike 2.0 Generic (CC BY-SA 2.0),合同会社AMANE,付箋あり？
003,030,,,売買帳,明治14,巳,,1,吉,横田村　滝沢徳次郎,,,,横帳,1,ヤフオク,2018年8月16日,2018年8月30日,2018年9月6日,合同会社AMANE,"38.354272, 140.861024",https://flic.kr/s/aHsmn7mQLL,Attribution-ShareAlike 2.0 Generic (CC BY-SA 2.0),合同会社AMANE,裏表紙に「西宮太神宮」とあり。
003,031,,,大福帳,明治35,,,正,吉,,,,,横帳,1,ヤフオク,2018年8月16日,2018年8月30日,2018年9月6日,合同会社AMANE,"38.354272, 140.861024",https://flic.kr/s/aHsmn7mQLL,Attribution-ShareAlike 2.0 Generic (CC BY-SA 2.0),合同会社AMANE,表紙に結び付いている史料あり？裏表紙に「紙数有合」とあり。付箋あり？
003,032,,,差引帳,明治31,,,正,吉,滝沢源蔵,,,,横帳,1,ヤフオク,2018年8月16日,2018年8月30日,2018年9月6日,合同会社AMANE,"38.354272, 140.861024",https://flic.kr/s/aHsmn7mQLL,Attribution-ShareAlike 2.0 Generic (CC BY-SA 2.0),合同会社AMANE,
003,033,,,差引帳,明治32,,,正,吉,滝沢源蔵,,,,横帳,1,ヤフオク,2018年8月16日,2018年8月30日,2018年9月6日,合同会社AMANE,"38.354272, 140.861024",https://flic.kr/s/aHsmn7mQLL,Attribution-ShareAlike 2.0 Generic (CC BY-SA 2.0),合同会社AMANE,表紙に結び付いている史料あり？
003,034,,,大福帳,明治21,子,,1,,福島県大沼郡横田村　滝沢徳次郎,,,,横帳,1,ヤフオク,2018年8月16日,2018年8月30日,2018年9月6日,合同会社AMANE,"38.354272, 140.861024",https://flic.kr/s/aHsmn7mQLL,Attribution-ShareAlike 2.0 Generic (CC BY-SA 2.0),合同会社AMANE,裏表紙に結び付いている史料あり？
003,035,,,大福帳,明治14,巳,,1,,横田村　滝沢徳次郎,,,,横帳,1,ヤフオク,2018年8月16日,2018年8月30日,2018年9月6日,合同会社AMANE,"38.354272, 140.861024",https://flic.kr/s/aHsmn7mQLL,Attribution-ShareAlike 2.0 Generic (CC BY-SA 2.0),合同会社AMANE,裏表紙に「日下恵」とあり。
003,036,,,万日帳,明治11,寅,,1,,,,,,横帳,1,ヤフオク,2018年8月16日,2018年8月30日,2018年9月6日,合同会社AMANE,"38.354272, 140.861024",https://flic.kr/s/aHsmn7mQLL,Attribution-ShareAlike 2.0 Generic (CC BY-SA 2.0),合同会社AMANE,表紙・裏表紙に結び付いている史料あり？
003,037,,,差引帳,明治10,丑,,正,吉,横田村,,,,横帳,1,ヤフオク,2018年8月16日,2018年8月30日,2018年9月6日,合同会社AMANE,"38.354272, 140.861024",https://flic.kr/s/aHsmn7mQLL,Attribution-ShareAlike 2.0 Generic (CC BY-SA 2.0),合同会社AMANE,表紙に結び付いている史料あり？
003,038,,,差引帳,明治22,丑,,1,吉,,,,,横帳,1,ヤフオク,2018年8月16日,2018年8月30日,2018年9月6日,合同会社AMANE,"38.354272, 140.861024",https://flic.kr/s/aHsmn7mQLL,Attribution-ShareAlike 2.0 Generic (CC BY-SA 2.0),合同会社AMANE,
003,039,,,大福帳,明治18,酉,,正,吉,横田村　滝沢徳次郎,,,,横帳,1,ヤフオク,2018年8月16日,2018年8月30日,2018年9月6日,合同会社AMANE,"38.354272, 140.861024",https://flic.kr/s/aHsmn7mQLL,Attribution-ShareAlike 2.0 Generic (CC BY-SA 2.0),合同会社AMANE,表紙に結び付いている史料あり？裏表紙に「日下恵」とあり。
003,040,,,大福帳,（明治32年ヵ）,,,旧正,吉,横田村　滝沢源蔵,,,,横帳,1,ヤフオク,2018年8月16日,2018年8月30日,2018年9月6日,合同会社AMANE,"38.354272, 140.861024",https://flic.kr/s/aHsmn7mQLL,Attribution-ShareAlike 2.0 Generic (CC BY-SA 2.0),合同会社AMANE,裏表紙に「日下恵」とあり。
003,041,,,差引帳,（明治28年ヵ）,,,正,吉,滝沢源蔵,,,,横帳,1,ヤフオク,2018年8月16日,2018年8月30日,2018年9月6日,合同会社AMANE,"38.354272, 140.861024",https://flic.kr/s/aHsmn7mQLL,Attribution-ShareAlike 2.0 Generic (CC BY-SA 2.0),合同会社AMANE,表紙・裏表紙に結び付いている史料あり？
003,042,,,大福帳,（明治34年ヵ）,,,旧正,吉,横田村　滝沢源蔵,,,,横帳,1,ヤフオク,2018年8月16日,2018年8月30日,2018年9月6日,合同会社AMANE,"38.354272, 140.861024",https://flic.kr/s/aHsmn7mQLL,Attribution-ShareAlike 2.0 Generic (CC BY-SA 2.0),合同会社AMANE,裏表紙に「日下恵」とあり。付箋あり？
003,043,,,差引帳,明治35,壬寅,,1,吉,大沼郡横田村　滝沢徳次,,,,横帳,1,ヤフオク,2018年8月16日,2018年8月30日,2018年9月6日,合同会社AMANE,"38.354272, 140.861024",https://flic.kr/s/aHsmn7mQLL,Attribution-ShareAlike 2.0 Generic (CC BY-SA 2.0),合同会社AMANE,裏表紙に「紙数有合」とあり。
003,044,,,大福帳,明治28,,,正,吉祥,横田村　滝沢源蔵,,,,横帳,1,ヤフオク,2018年8月16日,2018年8月30日,2018年9月6日,合同会社AMANE,"38.354272, 140.861024",https://flic.kr/s/aHsmn7mQLL,Attribution-ShareAlike 2.0 Generic (CC BY-SA 2.0),合同会社AMANE,裏表紙に「日下恵」とあり。付箋あり？
003,045,,,大福帳,明治37,,,正,吉,横田村　滝沢徳次,,,,横帳,1,ヤフオク,2018年8月16日,2018年8月30日,2018年9月6日,合同会社AMANE,"38.354272, 140.861024",https://flic.kr/s/aHsmn7mQLL,Attribution-ShareAlike 2.0 Generic (CC BY-SA 2.0),合同会社AMANE,
003,046,,,明治四十参年度差引帳,明治43,,,12,25,横田村　滝沢徳次,,,,横帳,1,ヤフオク,2018年8月16日,2018年8月30日,2018年9月6日,合同会社AMANE,"38.354272, 140.861024",https://flic.kr/s/aHsmn7mQLL,Attribution-ShareAlike 2.0 Generic (CC BY-SA 2.0),合同会社AMANE,裏表紙「［千］代万歳」とあり。
003,047,,,大福帳,明治27,,,正,吉祥,横田村　滝沢源蔵,,,,横帳,1,ヤフオク,2018年8月16日,2018年8月30日,2018年9月6日,合同会社AMANE,"38.354272, 140.861024",https://flic.kr/s/aHsmn7mQLL,Attribution-ShareAlike 2.0 Generic (CC BY-SA 2.0),合同会社AMANE,表紙に結び付いている史料あり？
003,048,,,差引帳,（明治39ヵ）,,,12,10,［大沼郡字仲町ヵ］横田村　滝沢徳次,,,,横帳,1,ヤフオク,2018年8月16日,2018年8月30日,2018年9月6日,合同会社AMANE,"38.354272, 140.861024",https://flic.kr/s/aHsmn7mQLL,Attribution-ShareAlike 2.0 Generic (CC BY-SA 2.0),合同会社AMANE,表紙・裏表紙に結び付いている史料あり？
003,049,,,大福帳,明治38,,,旧正,吉,滝沢徳次,,,,横帳,1,ヤフオク,2018年8月16日,2018年8月30日,2018年9月6日,合同会社AMANE,"38.354272, 140.861024",https://flic.kr/s/aHsmn7mQLL,Attribution-ShareAlike 2.0 Generic (CC BY-SA 2.0),合同会社AMANE,裏表紙に結び付いている史料あり？
003,050,,,大福帳,明治40,,,旧正,吉,横田村徳次、滝沢勇吉,,,,横帳,1,ヤフオク,2018年8月16日,2018年8月30日,2018年9月6日,合同会社AMANE,"38.354272, 140.861024",https://flic.kr/s/aHsmn7mQLL,Attribution-ShareAlike 2.0 Generic (CC BY-SA 2.0),合同会社AMANE,裏表紙に「旧正月廿五日　金福帳」とあり。
003,051,,,大福帳,明治30,,,正,吉,横田村　滝沢源蔵,表紙裏の印文「蚕種製造□　信濃国小県郡　上丸子村　土屋丈之助」。,,,横帳,1,ヤフオク,2018年8月16日,2018年8月30日,2018年9月6日,合同会社AMANE,"38.354272, 140.861024",https://flic.kr/s/aHsmn7mQLL,Attribution-ShareAlike 2.0 Generic (CC BY-SA 2.0),合同会社AMANE,裏表紙に「日下恵」とあり。付箋あり？
003,052,,,大福帳,明治13,辰,,1,,横田村　滝沢徳次郎,,,,横帳,1,ヤフオク,2018年8月16日,2018年8月30日,2018年9月6日,合同会社AMANE,"38.354272, 140.861024",https://flic.kr/s/aHsmn7mQLL,Attribution-ShareAlike 2.0 Generic (CC BY-SA 2.0),合同会社AMANE,表紙に結び付いている史料あり？裏表紙に「日下恵」とあり。
003,053,,,（大福帳ヵ）,,,,,,［　］　滝沢徳次郎,,,,横帳,1,ヤフオク,2018年8月16日,2018年8月30日,2018年9月6日,合同会社AMANE,"38.354272, 140.861024",https://flic.kr/s/aHsmn7mQLL,Attribution-ShareAlike 2.0 Generic (CC BY-SA 2.0),合同会社AMANE,表紙に結び付いている史料あり？
003,054,,,差引帳,明治42,,,旧12,25,大沼郡横田村　滝沢徳次,,,,横帳,1,ヤフオク,2018年8月16日,2018年8月30日,2018年9月6日,合同会社AMANE,"38.354272, 140.861024",https://flic.kr/s/aHsmn7mQLL,Attribution-ShareAlike 2.0 Generic (CC BY-SA 2.0),合同会社AMANE,表紙に結び付いている史料あり？裏表紙に「［大沼郡横田村横田雄徳社長滝沢徳次ヵ］」とあり。
003,055,,,差引帳,明治42,,,旧12,15,横田村　滝沢徳次（朱印）,印文は「滝沢徳次」,,,横帳,1,ヤフオク,2018年8月16日,2018年8月30日,2018年9月6日,合同会社AMANE,"38.354272, 140.861024",https://flic.kr/s/aHsmn7mQLL,Attribution-ShareAlike 2.0 Generic (CC BY-SA 2.0),合同会社AMANE,裏表紙に「大沼郡横田村高盛堂主」とあり。
003,056,,,大福帳,明治15,午,,1,,横田村　滝沢徳次郎,,,,横帳,1,ヤフオク,2018年8月16日,2018年8月30日,2018年9月6日,合同会社AMANE,"38.354272, 140.861024",https://flic.kr/s/aHsmn7mQLL,Attribution-ShareAlike 2.0 Generic (CC BY-SA 2.0),合同会社AMANE,裏表紙に結び付いている史料あり？裏表紙に「西宮太神宮」とあり。
003,057,,,大福帳,明治12,卯,,1,,,,,,横帳,1,ヤフオク,2018年8月16日,2018年8月30日,2018年9月6日,合同会社AMANE,"38.354272, 140.861024",https://flic.kr/s/aHsmn7mQLL,Attribution-ShareAlike 2.0 Generic (CC BY-SA 2.0),合同会社AMANE,裏表紙に結び付いている史料あり？
003,058,,,差引帳,明治17,申,,1,,横田村　滝沢徳次郎,,,,横帳,1,ヤフオク,2018年8月16日,2018年8月30日,2018年9月6日,合同会社AMANE,"38.354272, 140.861024",https://flic.kr/s/aHsmn7mQLL,Attribution-ShareAlike 2.0 Generic (CC BY-SA 2.0),合同会社AMANE,裏表紙に「西宮太神宮」とあり。
003,059,,,売買帳,明治16,未,,1,,横田村　滝沢徳次郎,,,,横帳,1,ヤフオク,2018年8月16日,2018年8月30日,2018年9月6日,合同会社AMANE,"38.354272, 140.861024",https://flic.kr/s/aHsmn7mQLL,Attribution-ShareAlike 2.0 Generic (CC BY-SA 2.0),合同会社AMANE,表紙に結び付いている史料あり？裏表紙に「日下恵」とあり。
003,060,,,大福帳,明治33,,,旧正,吉,横田村　滝沢源蔵,,,,横帳,1,ヤフオク,2018年8月16日,2018年8月30日,2018年9月6日,合同会社AMANE,"38.354272, 140.861024",https://flic.kr/s/aHsmn7mQLL,Attribution-ShareAlike 2.0 Generic (CC BY-SA 2.0),合同会社AMANE,表紙に結び付いている史料あり？裏表紙に「日下恵」とあり。
003,061,,,売買帳,明治18,酉,,正,吉,横田村　滝沢徳次郎,,,,横帳,1,ヤフオク,2018年8月16日,2018年8月30日,2018年9月6日,合同会社AMANE,"38.354272, 140.861024",https://flic.kr/s/aHsmn7mQLL,Attribution-ShareAlike 2.0 Generic (CC BY-SA 2.0),合同会社AMANE,表紙に結び付いている史料あり？
003,062,,,売買帳,明治19,戌,,1,吉,横田村　滝沢徳次郎,,,,横帳,1,ヤフオク,2018年8月16日,2018年8月30日,2018年9月6日,合同会社AMANE,"38.354272, 140.861024",https://flic.kr/s/aHsmn7mQLL,Attribution-ShareAlike 2.0 Generic (CC BY-SA 2.0),合同会社AMANE,
003,063,,,差引帳,明治21,子,,1,吉,横田村　滝沢徳次郎,,,,横帳,1,ヤフオク,2018年8月16日,2018年8月30日,2018年9月6日,合同会社AMANE,"38.354272, 140.861024",https://flic.kr/s/aHsmn7mQLL,Attribution-ShareAlike 2.0 Generic (CC BY-SA 2.0),合同会社AMANE,裏表紙に結び付いている史料あり？裏表紙に「西宮太神宮」とあり。
003,064,,,大宝恵,明治19,戌,,1,吉,横田村　滝沢徳次郎,,,,横帳,1,ヤフオク,2018年8月16日,2018年8月30日,2018年9月6日,合同会社AMANE,"38.354272, 140.861024",https://flic.kr/s/aHsmn7mQLL,Attribution-ShareAlike 2.0 Generic (CC BY-SA 2.0),合同会社AMANE,裏表紙に「日下恵」とあり。
003,065,,,差引帳,（明治37ヵ）,,,旧12,2,滝沢徳次,,,,横帳,1,ヤフオク,2018年8月16日,2018年8月30日,2018年9月6日,合同会社AMANE,"38.354272, 140.861024",https://flic.kr/s/aHsmn7mQLL,Attribution-ShareAlike 2.0 Generic (CC BY-SA 2.0),合同会社AMANE,裏表紙の年代は「明治三拾八年正月吉日」とあり。
003,066,,,差引帳,明治44,,,新12,15,横田村　滝沢徳次,,,,横帳,1,ヤフオク,2018年8月16日,2018年8月30日,2018年9月6日,合同会社AMANE,"38.354272, 140.861024",https://flic.kr/s/aHsmn7mQLL,Attribution-ShareAlike 2.0 Generic (CC BY-SA 2.0),合同会社AMANE,表紙に結び付いている史料あり？
003,067,,,差引帳,明治24,卯,,1,吉,,,,,横帳,1,ヤフオク,2018年8月16日,2018年8月30日,2018年9月6日,合同会社AMANE,"38.354272, 140.861024",https://flic.kr/s/aHsmn7mQLL,Attribution-ShareAlike 2.0 Generic (CC BY-SA 2.0),合同会社AMANE,表紙に結び付いている史料あり？
003,068,,,差引帳,（明治38年ヵ）,,,旧12,3,滝沢徳次,,,,横帳,1,ヤフオク,2018年8月16日,2018年8月30日,2018年9月6日,合同会社AMANE,"38.354272, 140.861024",https://flic.kr/s/aHsmn7mQLL,Attribution-ShareAlike 2.0 Generic (CC BY-SA 2.0),合同会社AMANE,表紙・裏表紙に結び付いている史料あり？
003,069,,,大宝恵,明治17,申,,1,,横田村　滝沢徳次郎,,,,横帳,1,ヤフオク,2018年8月16日,2018年8月30日,2018年9月6日,合同会社AMANE,"38.354272, 140.861024",https://flic.kr/s/aHsmn7mQLL,Attribution-ShareAlike 2.0 Generic (CC BY-SA 2.0),合同会社AMANE,裏表紙に「千秋万歳」とあり。裏表紙に結び付いている史料あり？付箋あり？
003,070,,,差引帳,明治19,戌,,1,吉,,,,,横帳,1,ヤフオク,2018年8月16日,2018年8月30日,2018年9月6日,合同会社AMANE,"38.354272, 140.861024",https://flic.kr/s/aHsmn7mQLL,Attribution-ShareAlike 2.0 Generic (CC BY-SA 2.0),合同会社AMANE,裏表紙に結び付いている史料あり？付箋あり？
003,071,,,差引帳,明治20,,,1,吉,横田村　滝沢徳次郎,,,,横帳,1,ヤフオク,2018年8月16日,2018年8月30日,2018年9月6日,合同会社AMANE,"38.354272, 140.861024",https://flic.kr/s/aHsmn7mQLL,Attribution-ShareAlike 2.0 Generic (CC BY-SA 2.0),合同会社AMANE,表紙に結び付いている史料あり？裏表紙に「［紙員有合ヵ］　横田村」とあり。
003,072,,,大福帳,明治25,辰,,1,吉,横田村　滝沢源蔵,,,,横帳,1,ヤフオク,2018年8月16日,2018年8月30日,2018年9月6日,合同会社AMANE,"38.354272, 140.861024",https://flic.kr/s/aHsmn7mQLL,Attribution-ShareAlike 2.0 Generic (CC BY-SA 2.0),合同会社AMANE,表紙・裏表紙に結び付いている史料あり？裏表紙に「日下恵」とあり。付箋あり？
003,073,,,大福帳,（明治24年ヵ）,卯,,1,吉,横田村　滝沢源蔵,,,,横帳,1,ヤフオク,2018年8月16日,2018年8月30日,2018年9月6日,合同会社AMANE,"38.354272, 140.861024",https://flic.kr/s/aHsmn7mQLL,Attribution-ShareAlike 2.0 Generic (CC BY-SA 2.0),合同会社AMANE,表紙・裏表紙に結び付いている史料あり？裏表紙に「日下恵」とあり。
003,074,,,差引帳,明治30,,,正,吉,滝沢源蔵,,,,横帳,1,ヤフオク,2018年8月16日,2018年8月30日,2018年9月6日,合同会社AMANE,"38.354272, 140.861024",https://flic.kr/s/aHsmn7mQLL,Attribution-ShareAlike 2.0 Generic (CC BY-SA 2.0),合同会社AMANE,表紙・裏表紙に結び付いている史料あり？
003,075,,,金銭出入帳,,,,,,,,,,縦帳,1,ヤフオク,2018年8月16日,2018年8月30日,2018年9月6日,合同会社AMANE,"38.354272, 140.861024",https://flic.kr/s/aHsmn7mQLL,Attribution-ShareAlike 2.0 Generic (CC BY-SA 2.0),合同会社AMANE,裏表紙に「千代□万歳　大沼郡」とあり。
003,076,001,,大工志聿帳,明治39,,,旧8,,上横田　滝沢勇吉,,,,横帳合綴,1,ヤフオク,2018年8月16日,2018年8月30日,2018年9月6日,合同会社AMANE,"38.354272, 140.861024",https://flic.kr/s/aHsmn7mQLL,Attribution-ShareAlike 2.0 Generic (CC BY-SA 2.0),合同会社AMANE,
003,076,002,,（金銭・人名等書上帳ヵ）,,,,,,,,,,横帳合綴,1,ヤフオク,2018年8月16日,2018年8月30日,2018年9月6日,合同会社AMANE,"38.354272, 140.861024",https://flic.kr/s/aHsmn7mQLL,Attribution-ShareAlike 2.0 Generic (CC BY-SA 2.0),合同会社AMANE,
003,076,003,,家普請祝義土産受納帳,明治40,,,旧2,25,滝沢雄吉,,,,横帳合綴,1,ヤフオク,2018年8月16日,2018年8月30日,2018年9月6日,合同会社AMANE,"38.354272, 140.861024",https://flic.kr/s/aHsmn7mQLL,Attribution-ShareAlike 2.0 Generic (CC BY-SA 2.0),合同会社AMANE,
003,076,004,,（人名等書上帳ヵ）,,,,,,,,,,横帳合綴,1,ヤフオク,2018年8月16日,2018年8月30日,2018年9月6日,合同会社AMANE,"38.354272, 140.861024",https://flic.kr/s/aHsmn7mQLL,Attribution-ShareAlike 2.0 Generic (CC BY-SA 2.0),合同会社AMANE,
003,077,000,,紐,,,,,,,,,,紐,1,ヤフオク,2018年8月16日,2018年8月30日,2018年9月6日,合同会社AMANE,"38.354272, 140.861024",https://flic.kr/s/aHsmn7mQLL,Attribution-ShareAlike 2.0 Generic (CC BY-SA 2.0),合同会社AMANE,
003,077,001,001,籾貸元帳,大正11,,,11,21,滝沢家,,,,横半帳ヵ,1,ヤフオク,2018年8月16日,2018年8月30日,2018年9月6日,合同会社AMANE,"38.354272, 140.861024",https://flic.kr/s/aHsmn7mQLL,Attribution-ShareAlike 2.0 Generic (CC BY-SA 2.0),合同会社AMANE,003-077-001は紐で纏められている
003,077,001,002,籾貸付帳,大正3,,,1,5,滝沢徳次,,,,横半帳ヵ,1,ヤフオク,2018年8月16日,2018年8月30日,2018年9月6日,合同会社AMANE,"38.354272, 140.861024",https://flic.kr/s/aHsmn7mQLL,Attribution-ShareAlike 2.0 Generic (CC BY-SA 2.0),合同会社AMANE,003-077-001は紐で纏められている
003,077,002,,小作帳,大正10,,,正,吉,滝沢徳次,,,,横半帳,1,ヤフオク,2018年8月16日,2018年8月30日,2018年9月6日,合同会社AMANE,"38.354272, 140.861024",https://flic.kr/s/aHsmn7mQLL,Attribution-ShareAlike 2.0 Generic (CC BY-SA 2.0),合同会社AMANE,結びついている史料あり？
003,077,003,,自作物付留帳,大正14,,,10,吉,滝沢徳農家,,,,横半帳,1,ヤフオク,2018年8月16日,2018年8月30日,2018年9月6日,合同会社AMANE,"38.354272, 140.861024",https://flic.kr/s/aHsmn7mQLL,Attribution-ShareAlike 2.0 Generic (CC BY-SA 2.0),合同会社AMANE,
003,077,004,,大正十三年度［収支ヵ］予算帳支払帳,（大正13ヵ）,,,,,滝沢家　主任,,,,横半帳,1,ヤフオク,2018年8月16日,2018年8月30日,2018年9月6日,合同会社AMANE,"38.354272, 140.861024",https://flic.kr/s/aHsmn7mQLL,Attribution-ShareAlike 2.0 Generic (CC BY-SA 2.0),合同会社AMANE,
003,077,005,,田畑其他小作貸付帳,大正3,,,1,5,滝沢徳次,,,,横半帳,1,ヤフオク,2018年8月16日,2018年8月30日,2018年9月6日,合同会社AMANE,"38.354272, 140.861024",https://flic.kr/s/aHsmn7mQLL,Attribution-ShareAlike 2.0 Generic (CC BY-SA 2.0),合同会社AMANE,
003,077,006,,当座帳,昭和18,,,1,吉,,,,,横半帳,1,ヤフオク,2018年8月16日,2018年8月30日,2018年9月6日,合同会社AMANE,"38.354272, 140.861024",https://flic.kr/s/aHsmn7mQLL,Attribution-ShareAlike 2.0 Generic (CC BY-SA 2.0),合同会社AMANE,
003,077,007,,当座帳,昭和17,,,1,吉,,,,,横半帳,1,ヤフオク,2018年8月16日,2018年8月30日,2018年9月6日,合同会社AMANE,"38.354272, 140.861024",https://flic.kr/s/aHsmn7mQLL,Attribution-ShareAlike 2.0 Generic (CC BY-SA 2.0),合同会社AMANE,
003,077,008,,当座帳,昭和19,,,1,吉,滝沢家,,,,横半帳,1,ヤフオク,2018年8月16日,2018年8月30日,2018年9月6日,合同会社AMANE,"38.354272, 140.861024",https://flic.kr/s/aHsmn7mQLL,Attribution-ShareAlike 2.0 Generic (CC BY-SA 2.0),合同会社AMANE,
003,077,009,,当座帳,昭和14,,,2,吉,,,,,横半帳,1,ヤフオク,2018年8月16日,2018年8月30日,2018年9月6日,合同会社AMANE,"38.354272, 140.861024",https://flic.kr/s/aHsmn7mQLL,Attribution-ShareAlike 2.0 Generic (CC BY-SA 2.0),合同会社AMANE,
003,077,010,,納金通,昭和18,,,,,上横田区長,,,,横半帳,1,ヤフオク,2018年8月16日,2018年8月30日,2018年9月6日,合同会社AMANE,"38.354272, 140.861024",https://flic.kr/s/aHsmn7mQLL,Attribution-ShareAlike 2.0 Generic (CC BY-SA 2.0),合同会社AMANE,
003,077,011,,当座大福帳,昭和7,,,1,吉,滝沢徳次郎,,,,横半帳,1,ヤフオク,2018年8月16日,2018年8月30日,2018年9月6日,合同会社AMANE,"38.354272, 140.861024",https://flic.kr/s/aHsmn7mQLL,Attribution-ShareAlike 2.0 Generic (CC BY-SA 2.0),合同会社AMANE,
003,077,012,,（家立収支一覧表ヵ）,大正11・12,,,,,滝沢家,,,,横半帳,1,ヤフオク,2018年8月16日,2018年8月30日,2018年9月6日,合同会社AMANE,"38.354272, 140.861024",https://flic.kr/s/aHsmn7mQLL,Attribution-ShareAlike 2.0 Generic (CC BY-SA 2.0),合同会社AMANE,
003,077,013,,籾貸元帳,昭和2,,,12,吉,滝沢徳次,,,,横半帳,1,ヤフオク,2018年8月16日,2018年8月30日,2018年9月6日,合同会社AMANE,"38.354272, 140.861024",https://flic.kr/s/aHsmn7mQLL,Attribution-ShareAlike 2.0 Generic (CC BY-SA 2.0),合同会社AMANE,
003,077,014,,当座帳,昭和8,,,旧12,吉,滝沢徳次,,,,横半帳,1,ヤフオク,2018年8月16日,2018年8月30日,2018年9月6日,合同会社AMANE,"38.354272, 140.861024",https://flic.kr/s/aHsmn7mQLL,Attribution-ShareAlike 2.0 Generic (CC BY-SA 2.0),合同会社AMANE,表紙の年代には「同九年二月七日」ともあり。
003,077,015,,当座帳,明治12,,,1,吉,,,,,横半帳,1,ヤフオク,2018年8月16日,2018年8月30日,2018年9月6日,合同会社AMANE,"38.354272, 140.861024",https://flic.kr/s/aHsmn7mQLL,Attribution-ShareAlike 2.0 Generic (CC BY-SA 2.0),合同会社AMANE,
003,077,016,,当座帳,昭和7,,,旧12,吉,滝沢徳次,,,,横半帳,1,ヤフオク,2018年8月16日,2018年8月30日,2018年9月6日,合同会社AMANE,"38.354272, 140.861024",https://flic.kr/s/aHsmn7mQLL,Attribution-ShareAlike 2.0 Generic (CC BY-SA 2.0),合同会社AMANE,表紙の年代には「同八年一月二十三日」ともあり。
003,077,017,,大福帳,昭和13,,,1,吉,,,,,横半帳,1,ヤフオク,2018年8月16日,2018年8月30日,2018年9月6日,合同会社AMANE,"38.354272, 140.861024",https://flic.kr/s/aHsmn7mQLL,Attribution-ShareAlike 2.0 Generic (CC BY-SA 2.0),合同会社AMANE,
003,077,018,,当座大福帳,（昭和5・6ヵ）,,,1,吉,滝沢角八,,,,横半帳,1,ヤフオク,2018年8月16日,2018年8月30日,2018年9月6日,合同会社AMANE,"38.354272, 140.861024",https://flic.kr/s/aHsmn7mQLL,Attribution-ShareAlike 2.0 Generic (CC BY-SA 2.0),合同会社AMANE,
003,077,019,,当座帳,昭和10,,,正,吉,,,,,横半帳,1,ヤフオク,2018年8月16日,2018年8月30日,2018年9月6日,合同会社AMANE,"38.354272, 140.861024",https://flic.kr/s/aHsmn7mQLL,Attribution-ShareAlike 2.0 Generic (CC BY-SA 2.0),合同会社AMANE,
003,077,020,,大福帳,昭和11,,,1,23,,,,,横半帳,1,ヤフオク,2018年8月16日,2018年8月30日,2018年9月6日,合同会社AMANE,"38.354272, 140.861024",https://flic.kr/s/aHsmn7mQLL,Attribution-ShareAlike 2.0 Generic (CC BY-SA 2.0),合同会社AMANE,
003,077,021,,大正十三年度九月拾五日ヨリ工事書留帳,大正13,,,9,15,滝沢徳次,,,,横半帳,1,ヤフオク,2018年8月16日,2018年8月30日,2018年9月6日,合同会社AMANE,"38.354272, 140.861024",https://flic.kr/s/aHsmn7mQLL,Attribution-ShareAlike 2.0 Generic (CC BY-SA 2.0),合同会社AMANE,
003,077,022,,大正十四年度農蚕日記帳,大正14,,,,,滝沢家業,,,,横半帳,1,ヤフオク,2018年8月16日,2018年8月30日,2018年9月6日,合同会社AMANE,"38.354272, 140.861024",https://flic.kr/s/aHsmn7mQLL,Attribution-ShareAlike 2.0 Generic (CC BY-SA 2.0),合同会社AMANE,
003,077,023,,昭和八年正月以降発動機精米覚帳,昭和8,,,正,,,,,,横半帳,1,ヤフオク,2018年8月16日,2018年8月30日,2018年9月6日,合同会社AMANE,"38.354272, 140.861024",https://flic.kr/s/aHsmn7mQLL,Attribution-ShareAlike 2.0 Generic (CC BY-SA 2.0),合同会社AMANE,表紙に「四□」とあり。
003,077,024,,当座帳,昭和16,,,1,吉,滝沢徳次,,,,横半帳,1,ヤフオク,2018年8月16日,2018年8月30日,2018年9月6日,合同会社AMANE,"38.354272, 140.861024",https://flic.kr/s/aHsmn7mQLL,Attribution-ShareAlike 2.0 Generic (CC BY-SA 2.0),合同会社AMANE,
003,077,025,,当座帳,昭和15,,,2,5,,,,,横半帳,1,ヤフオク,2018年8月16日,2018年8月30日,2018年9月6日,合同会社AMANE,"38.354272, 140.861024",https://flic.kr/s/aHsmn7mQLL,Attribution-ShareAlike 2.0 Generic (CC BY-SA 2.0),合同会社AMANE,
003,077,026,,納税通,大正10,,,12,1,大沼郡上横田　滝沢徳次,,,,横半帳,1,ヤフオク,2018年8月16日,2018年8月30日,2018年9月6日,合同会社AMANE,"38.354272, 140.861024",https://flic.kr/s/aHsmn7mQLL,Attribution-ShareAlike 2.0 Generic (CC BY-SA 2.0),合同会社AMANE,貼紙あり
003,077,027,,大福帳,大正2,,,1,吉,,,,,横半帳,1,ヤフオク,2018年8月16日,2018年8月30日,2018年9月6日,合同会社AMANE,"38.354272, 140.861024",https://flic.kr/s/aHsmn7mQLL,Attribution-ShareAlike 2.0 Generic (CC BY-SA 2.0),合同会社AMANE,裏表紙に「年賦」とあり。
003,078,,,（大福帳ヵ）,大正6,,,11,6,,,,,横半帳,1,ヤフオク,2018年8月16日,2018年8月30日,2018年9月6日,合同会社AMANE,"38.354272, 140.861024",https://flic.kr/s/aHsmn7mQLL,Attribution-ShareAlike 2.0 Generic (CC BY-SA 2.0),合同会社AMANE,付箋あり？
003,079,,,（選挙納税関係、一紙文書）,,,,,,,,,,印刷（ガリ版）,1,ヤフオク,2018年8月16日,2018年8月30日,2018年9月6日,合同会社AMANE,"38.354272, 140.861024",https://flic.kr/s/aHsmn7mQLL,Attribution-ShareAlike 2.0 Generic (CC BY-SA 2.0),合同会社AMANE,
003,080,,,（横田尋常小学校新築費ノ内ヘ金拾六円寄付ニ付賞状ヵ）,明治35,,,12,20,福島県知事正五位勲四等　有田義資,印文は「福島県知事印」,大沼郡横田村　滝沢源蔵,,竪紙,1,ヤフオク,2018年8月16日,2018年8月30日,2018年9月6日,合同会社AMANE,"38.354272, 140.861024",https://flic.kr/s/aHsmn7mQLL,Attribution-ShareAlike 2.0 Generic (CC BY-SA 2.0),合同会社AMANE,
003,081,,,目録,,,,,,大沼郡上横田　銀光会（朱印）,印文は「大沼郡上横田　銀光会｣,,,縦帳,1,ヤフオク,2018年8月16日,2018年8月30日,2018年9月6日,合同会社AMANE,"38.354272, 140.861024",https://flic.kr/s/aHsmn7mQLL,Attribution-ShareAlike 2.0 Generic (CC BY-SA 2.0),合同会社AMANE,
003,082,,,職員録,,,,,,上横田銀光会,,,,縦帳,1,ヤフオク,2018年8月16日,2018年8月30日,2018年9月6日,合同会社AMANE,"38.354272, 140.861024",https://flic.kr/s/aHsmn7mQLL,Attribution-ShareAlike 2.0 Generic (CC BY-SA 2.0),合同会社AMANE,
003,083,,,上横田銀光会　積金通,明治39,,,旧12,15,会員　滝沢長作（朱印）,印文は「大沼郡上横田　銀光会｣,,,縦帳,1,ヤフオク,2018年8月16日,2018年8月30日,2018年9月6日,合同会社AMANE,"38.354272, 140.861024",https://flic.kr/s/aHsmn7mQLL,Attribution-ShareAlike 2.0 Generic (CC BY-SA 2.0),合同会社AMANE,
003,084,,,上横田銀光会　積金通,明治39,,,旧12,15,会員　菅家大作（朱印）,印文は「大沼郡上横田　銀光会｣,,,縦帳,1,ヤフオク,2018年8月16日,2018年8月30日,2018年9月6日,合同会社AMANE,"38.354272, 140.861024",https://flic.kr/s/aHsmn7mQLL,Attribution-ShareAlike 2.0 Generic (CC BY-SA 2.0),合同会社AMANE,
003,085,,,通,（大正5ヵ）,,,,,滝沢徳次殿,,,,横半帳ヵ,1,ヤフオク,2018年8月16日,2018年8月30日,2018年9月6日,合同会社AMANE,"38.354272, 140.861024",https://flic.kr/s/aHsmn7mQLL,Attribution-ShareAlike 2.0 Generic (CC BY-SA 2.0),合同会社AMANE,
003,086,,,貸金計算帳,明治43,,,1,吉,横田村　滝沢徳次,,,,横半帳,1,ヤフオク,2018年8月16日,2018年8月30日,2018年9月6日,合同会社AMANE,"38.354272, 140.861024",https://flic.kr/s/aHsmn7mQLL,Attribution-ShareAlike 2.0 Generic (CC BY-SA 2.0),合同会社AMANE,
003,087,,,滝沢徳治宛埼玉種苗兄弟商会牛込隆葉書,,,,,,埼玉種苗兄弟商会　主任　牛込隆,,福島県大沼郡横田村大字上横田　滝沢徳治殿,,葉書,1,ヤフオク,2018年8月16日,2018年8月30日,2018年9月6日,合同会社AMANE,"38.354272, 140.861024",https://flic.kr/s/aHsmn7mQLL,Attribution-ShareAlike 2.0 Generic (CC BY-SA 2.0),合同会社AMANE,
003,088,,,滝沢徳次宛滝沢のぶ□葉書,昭和10,,,（1）,元旦,淀橋区角筈三ノ一八九　滝沢のぶ□,,福島県大沼郡横田村　滝沢徳次様,,葉書,1,ヤフオク,2018年8月16日,2018年8月30日,2018年9月6日,合同会社AMANE,"38.354272, 140.861024",https://flic.kr/s/aHsmn7mQLL,Attribution-ShareAlike 2.0 Generic (CC BY-SA 2.0),合同会社AMANE,
003,089,,,記（昭和参年度小作等書上）,（昭和3ヵ）,,,,,,,滝沢徳次殿,,切紙,1,ヤフオク,2018年8月16日,2018年8月30日,2018年9月6日,合同会社AMANE,"38.354272, 140.861024",https://flic.kr/s/aHsmn7mQLL,Attribution-ShareAlike 2.0 Generic (CC BY-SA 2.0),合同会社AMANE,
003,090,,,横田村大滝村組合会議員選挙人名表　全,,,,,,,,,,縦帳（ガリ版）,1,ヤフオク,2018年8月16日,2018年8月30日,2018年9月6日,合同会社AMANE,"38.354272, 140.861024",https://flic.kr/s/aHsmn7mQLL,Attribution-ShareAlike 2.0 Generic (CC BY-SA 2.0),合同会社AMANE,
003,091,,,一月廿五日納大正七年度宅地租二期取立帳,大正7,,,1,25,第一区長代理者,,,,横帳,1,ヤフオク,2018年8月16日,2018年8月30日,2018年9月6日,合同会社AMANE,"38.354272, 140.861024",https://flic.kr/s/aHsmn7mQLL,Attribution-ShareAlike 2.0 Generic (CC BY-SA 2.0),合同会社AMANE,
003,092,,,（家計簿・日記）,昭和10,,,,,記入者　滝沢徳次,,,,冊子（活版印刷）,1,ヤフオク,2018年8月16日,2018年8月30日,2018年9月6日,合同会社AMANE,"38.354272, 140.861024",https://flic.kr/s/aHsmn7mQLL,Attribution-ShareAlike 2.0 Generic (CC BY-SA 2.0),合同会社AMANE,横半帳1点等挟み込みあり
003,093,000,,紐,,,,,,,,,,紐,1,ヤフオク,2018年8月16日,2018年8月30日,2018年9月6日,合同会社AMANE,"38.354272, 140.861024",https://flic.kr/s/aHsmn7mQLL,Attribution-ShareAlike 2.0 Generic (CC BY-SA 2.0),合同会社AMANE,003−093は紐一括。
003,093,001,,（冊子ヵ）,,,,,,,,,,縦帳,1,ヤフオク,2018年8月16日,2018年8月30日,2018年9月6日,合同会社AMANE,"38.354272, 140.861024",https://flic.kr/s/aHsmn7mQLL,Attribution-ShareAlike 2.0 Generic (CC BY-SA 2.0),合同会社AMANE,003−093は紐一括。縦帳は「大沼郡横田村大字横田　滝沢□米沢屋」
003,093,002,,収入帳,昭和10,,,,,滝沢,,,,縦帳,1,ヤフオク,2018年8月16日,2018年8月30日,2018年9月6日,合同会社AMANE,"38.354272, 140.861024",https://flic.kr/s/aHsmn7mQLL,Attribution-ShareAlike 2.0 Generic (CC BY-SA 2.0),合同会社AMANE,003−093は紐一括。裏表紙に「福島県庁　学務課　水野視学」
003,093,003,,大福帳,昭和6,,,1,吉,,,,,縦帳,1,ヤフオク,2018年8月16日,2018年8月30日,2018年9月6日,合同会社AMANE,"38.354272, 140.861024",https://flic.kr/s/aHsmn7mQLL,Attribution-ShareAlike 2.0 Generic (CC BY-SA 2.0),合同会社AMANE,003−093は紐一括。
003,093,004,,大福帳,昭和2,,,12,吉,,,,,縦帳,1,ヤフオク,2018年8月16日,2018年8月30日,2018年9月6日,合同会社AMANE,"38.354272, 140.861024",https://flic.kr/s/aHsmn7mQLL,Attribution-ShareAlike 2.0 Generic (CC BY-SA 2.0),合同会社AMANE,003−094は紐一括。
003,093,005,,大福帳,昭和元・2,,,,,滝沢徳次,,,,縦帳,1,ヤフオク,2018年8月16日,2018年8月30日,2018年9月6日,合同会社AMANE,"38.354272, 140.861024",https://flic.kr/s/aHsmn7mQLL,Attribution-ShareAlike 2.0 Generic (CC BY-SA 2.0),合同会社AMANE,003−095は紐一括。
003,093,006,,大福帳,大正13,,,,,,,,,縦帳,1,ヤフオク,2018年8月16日,2018年8月30日,2018年9月6日,合同会社AMANE,"38.354272, 140.861024",https://flic.kr/s/aHsmn7mQLL,Attribution-ShareAlike 2.0 Generic (CC BY-SA 2.0),合同会社AMANE,003−093は紐一括。表紙の年代は「旧十二月吉日」ともあり。
003,093,007,,大福帳,,,,,,角八主,,,,縦帳,1,ヤフオク,2018年8月16日,2018年8月30日,2018年9月6日,合同会社AMANE,"38.354272, 140.861024",https://flic.kr/s/aHsmn7mQLL,Attribution-ShareAlike 2.0 Generic (CC BY-SA 2.0),合同会社AMANE,003−093は紐一括。
003,093,008,,大福帳,大正9,,,12,吉,滝沢徳次,,,,縦帳ヵ,1,ヤフオク,2018年8月16日,2018年8月30日,2018年9月6日,合同会社AMANE,"38.354272, 140.861024",https://flic.kr/s/aHsmn7mQLL,Attribution-ShareAlike 2.0 Generic (CC BY-SA 2.0),合同会社AMANE,003−093は紐一括。横半帳1点挟み込みあり
003,093,009,,（滝沢源一宛長谷川□□□書簡ヵ）,,,,6,3,長谷川□□□,,滝沢源一様,,切継紙,1,ヤフオク,2018年8月16日,2018年8月30日,2018年9月6日,合同会社AMANE,"38.354272, 140.861024",https://flic.kr/s/aHsmn7mQLL,Attribution-ShareAlike 2.0 Generic (CC BY-SA 2.0),合同会社AMANE,003−093は紐一括。
003,093,010,,大福帳,昭和3、4,,,,,,,,,縦帳,1,ヤフオク,2018年8月16日,2018年8月30日,2018年9月6日,合同会社AMANE,"38.354272, 140.861024",https://flic.kr/s/aHsmn7mQLL,Attribution-ShareAlike 2.0 Generic (CC BY-SA 2.0),合同会社AMANE,003−093は紐一括。
003,093,011,,小作帳,昭和5,,,1,吉,,,,,縦帳,1,ヤフオク,2018年8月16日,2018年8月30日,2018年9月6日,合同会社AMANE,"38.354272, 140.861024",https://flic.kr/s/aHsmn7mQLL,Attribution-ShareAlike 2.0 Generic (CC BY-SA 2.0),合同会社AMANE,003−093は紐一括。
003,093,012,000,紐,,,,,,,,,,紐,1,ヤフオク,2018年8月16日,2018年8月30日,2018年9月6日,合同会社AMANE,"38.354272, 140.861024",https://flic.kr/s/aHsmn7mQLL,Attribution-ShareAlike 2.0 Generic (CC BY-SA 2.0),合同会社AMANE,003−093は紐一括。003−093-012は紐一括。
003,093,012,001,大福帳,大正14,,,1,吉,滝沢徳次,,,,縦帳,1,ヤフオク,2018年8月16日,2018年8月30日,2018年9月6日,合同会社AMANE,"38.354272, 140.861024",https://flic.kr/s/aHsmn7mQLL,Attribution-ShareAlike 2.0 Generic (CC BY-SA 2.0),合同会社AMANE,003−093は紐一括。003−093-012は紐一括。表紙の年代は「子旧十二月十五日」ともあり。
003,093,012,002,（冊子ヵ）,（大正15ヵ）,,,,,,,,,縦帳,1,ヤフオク,2018年8月16日,2018年8月30日,2018年9月6日,合同会社AMANE,"38.354272, 140.861024",https://flic.kr/s/aHsmn7mQLL,Attribution-ShareAlike 2.0 Generic (CC BY-SA 2.0),合同会社AMANE,003−093は紐一括。003−093-012は紐一括。
003,093,012,003,大福帳,大正11,,,12,吉,滝沢徳次,,,,縦帳,1,ヤフオク,2018年8月16日,2018年8月30日,2018年9月6日,合同会社AMANE,"38.354272, 140.861024",https://flic.kr/s/aHsmn7mQLL,Attribution-ShareAlike 2.0 Generic (CC BY-SA 2.0),合同会社AMANE,003−093は紐一括。003−093-012は紐一括。表紙の年代は「新弐月吉日」ともあり。
003,093,012,004,大福帳,大正8,,,12,吉,滝沢徳次,,,,縦帳ヵ,1,ヤフオク,2018年8月16日,2018年8月30日,2018年9月6日,合同会社AMANE,"38.354272, 140.861024",https://flic.kr/s/aHsmn7mQLL,Attribution-ShareAlike 2.0 Generic (CC BY-SA 2.0),合同会社AMANE,003−093は紐一括。003−093-012は紐一括。表紙の年代は「新九年壱月壱日」ともあり。
003,093,012,005,大福帳,大正7,,,12,吉,滝沢徳次,,,,縦帳,1,ヤフオク,2018年8月16日,2018年8月30日,2018年9月6日,合同会社AMANE,"38.354272, 140.861024",https://flic.kr/s/aHsmn7mQLL,Attribution-ShareAlike 2.0 Generic (CC BY-SA 2.0),合同会社AMANE,003−093は紐一括。003−093-012は紐一括。
003,094,000,,紐,,,,,,,,,,紐,1,ヤフオク,2018年8月16日,2018年8月30日,2018年9月6日,合同会社AMANE,"38.354272, 140.861024",https://flic.kr/s/aHsmn7mQLL,Attribution-ShareAlike 2.0 Generic (CC BY-SA 2.0),合同会社AMANE,003−094は紐一括。
003,094,001,,元帳,明治39,,,旧12,20,大沼郡上横田銀光会（朱印）,,,,縦帳,1,ヤフオク,2018年8月16日,2018年8月30日,2018年9月6日,合同会社AMANE,"38.354272, 140.861024",https://flic.kr/s/aHsmn7mQLL,Attribution-ShareAlike 2.0 Generic (CC BY-SA 2.0),合同会社AMANE,003−094は紐一括。
003,094,002,,上横田銀光会積金通,明治39,,,旧12,15,会員　菅家貴勝（朱印）,印文は「大沼郡上横田　銀光会」,,,縦帳,1,ヤフオク,2018年8月16日,2018年8月30日,2018年9月6日,合同会社AMANE,"38.354272, 140.861024",https://flic.kr/s/aHsmn7mQLL,Attribution-ShareAlike 2.0 Generic (CC BY-SA 2.0),合同会社AMANE,003−094は紐一括。
003,094,003,,記（［　］等綴）,大正4,,,11,28,菅家大作（朱印）,印文は「菅家」,副会長　滝沢徳次郎殿,,横帳,1,ヤフオク,2018年8月16日,2018年8月30日,2018年9月6日,合同会社AMANE,"38.354272, 140.861024",https://flic.kr/s/aHsmn7mQLL,Attribution-ShareAlike 2.0 Generic (CC BY-SA 2.0),合同会社AMANE,003−094は紐一括。
003,094,004,,上横田銀光会積金通,明治39,,,旧12,15,会員　滝沢兼次（朱印）,印文は「大沼郡上横田　銀光会」,,,縦帳,1,ヤフオク,2018年8月16日,2018年8月30日,2018年9月6日,合同会社AMANE,"38.354272, 140.861024",https://flic.kr/s/aHsmn7mQLL,Attribution-ShareAlike 2.0 Generic (CC BY-SA 2.0),合同会社AMANE,003−094は紐一括。
003,094,005,,上横田銀光会積金通,明治40,,,,,会計係（朱印）,印文は「大沼郡上横田　銀光会」,,,縦帳,1,ヤフオク,2018年8月16日,2018年8月30日,2018年9月6日,合同会社AMANE,"38.354272, 140.861024",https://flic.kr/s/aHsmn7mQLL,Attribution-ShareAlike 2.0 Generic (CC BY-SA 2.0),合同会社AMANE,003−094は紐一括。
003,094,006,,上横田銀光会積金通,明治39,,,旧12,15,会員　滝沢ヲサノ（朱印）,印文は「大沼郡上横田　銀光会」,,,縦帳,1,ヤフオク,2018年8月16日,2018年8月30日,2018年9月6日,合同会社AMANE,"38.354272, 140.861024",https://flic.kr/s/aHsmn7mQLL,Attribution-ShareAlike 2.0 Generic (CC BY-SA 2.0),合同会社AMANE,003−094は紐一括。
003,094,007,,上横田銀光会積金通,明治39,,,旧12,15,会員　菅家藤吉（朱印）,印文は「大沼郡上横田　銀光会」,,,縦帳,1,ヤフオク,2018年8月16日,2018年8月30日,2018年9月6日,合同会社AMANE,"38.354272, 140.861024",https://flic.kr/s/aHsmn7mQLL,Attribution-ShareAlike 2.0 Generic (CC BY-SA 2.0),合同会社AMANE,003−094は紐一括。
003,094,008,,上横田銀光会積金通,明治39,,,旧12,15,会員　滝沢ツキ（朱印）,印文は「大沼郡上横田　銀光会」,,,縦帳,1,ヤフオク,2018年8月16日,2018年8月30日,2018年9月6日,合同会社AMANE,"38.354272, 140.861024",https://flic.kr/s/aHsmn7mQLL,Attribution-ShareAlike 2.0 Generic (CC BY-SA 2.0),合同会社AMANE,003−094は紐一括。
003,094,009,,上横田銀光会積金通,明治39,,,旧12,15,会員　滝沢新□（朱印）,印文は「大沼郡上横田　銀光会」,,,縦帳,1,ヤフオク,2018年8月16日,2018年8月30日,2018年9月6日,合同会社AMANE,"38.354272, 140.861024",https://flic.kr/s/aHsmn7mQLL,Attribution-ShareAlike 2.0 Generic (CC BY-SA 2.0),合同会社AMANE,003−094は紐一括。
003,094,010,,上横田銀光会積金通,明治39,,,旧12,15,会員　菅家弥作　（朱印）,印文は「大沼郡上横田　銀光会」,,,縦帳,1,ヤフオク,2018年8月16日,2018年8月30日,2018年9月6日,合同会社AMANE,"38.354272, 140.861024",https://flic.kr/s/aHsmn7mQLL,Attribution-ShareAlike 2.0 Generic (CC BY-SA 2.0),合同会社AMANE,003−094は紐一括。
003,094,011,,上横田銀光会積金通,明治39,,,旧12,15,会員　滝沢宇太次（朱印）,印文は「大沼郡上横田　銀光会」,,,縦帳,1,ヤフオク,2018年8月16日,2018年8月30日,2018年9月6日,合同会社AMANE,"38.354272, 140.861024",https://flic.kr/s/aHsmn7mQLL,Attribution-ShareAlike 2.0 Generic (CC BY-SA 2.0),合同会社AMANE,003−094は紐一括。
003,094,012,,上横田銀光会積金通,明治39,,,旧12,15,会員　譲渡人　滝沢二（抹消ヵ）、譲受人　菅家保太（朱印）,印文は「大沼郡上横田　銀光会」,,,縦帳,1,ヤフオク,2018年8月16日,2018年8月30日,2018年9月6日,合同会社AMANE,"38.354272, 140.861024",https://flic.kr/s/aHsmn7mQLL,Attribution-ShareAlike 2.0 Generic (CC BY-SA 2.0),合同会社AMANE,003−094は紐一括。
003,094,013,,上横田銀光会積金通,明治39,,,旧12,15,会員　譲渡人　滝沢三男吉（抹消ヵ）、譲受人　菅家保次郎（朱印）,印文は「大沼郡上横田　銀光会」,,,縦帳,1,ヤフオク,2018年8月16日,2018年8月30日,2018年9月6日,合同会社AMANE,"38.354272, 140.861024",https://flic.kr/s/aHsmn7mQLL,Attribution-ShareAlike 2.0 Generic (CC BY-SA 2.0),合同会社AMANE,003−094は紐一括。
003,094,014,,上横田銀光会積金通,明治39,,,旧12,15,会員　滝沢雄吉（朱印）,印文は「大沼郡上横田　銀光会」,,,縦帳,1,ヤフオク,2018年8月16日,2018年8月30日,2018年9月6日,合同会社AMANE,"38.354272, 140.861024",https://flic.kr/s/aHsmn7mQLL,Attribution-ShareAlike 2.0 Generic (CC BY-SA 2.0),合同会社AMANE,003−094は紐一括。
003,094,015,,上横田銀光会積金通,明治39,,,旧12,15,会員　滝沢徳次（朱印）,印文は「大沼郡上横田　銀光会」,,,縦帳,1,ヤフオク,2018年8月16日,2018年8月30日,2018年9月6日,合同会社AMANE,"38.354272, 140.861024",https://flic.kr/s/aHsmn7mQLL,Attribution-ShareAlike 2.0 Generic (CC BY-SA 2.0),合同会社AMANE,003−094は紐一括。
003,094,016,,諸費支払簿,明治39,,,旧12,15,主任　会計幹事（朱印）,印文は「大沼郡上横田　銀光会」,,,縦帳,1,ヤフオク,2018年8月16日,2018年8月30日,2018年9月6日,合同会社AMANE,"38.354272, 140.861024",https://flic.kr/s/aHsmn7mQLL,Attribution-ShareAlike 2.0 Generic (CC BY-SA 2.0),合同会社AMANE,003−094は紐一括。
003,094,017,,上横田銀光会積金通,明治39,,,旧12,15,会員　菅家音吉（抹消ヵ）、譲受人　菅家義一（朱印）,印文は「大沼郡上横田　銀光会」,,,縦帳,1,ヤフオク,2018年8月16日,2018年8月30日,2018年9月6日,合同会社AMANE,"38.354272, 140.861024",https://flic.kr/s/aHsmn7mQLL,Attribution-ShareAlike 2.0 Generic (CC BY-SA 2.0),合同会社AMANE,003−094は紐一括。
003,094,018,,上横田銀光会積金通,明治39,,,旧12,15,会員　滝沢米次（朱印）,印文は「大沼郡上横田　銀光会」,,,縦帳,1,ヤフオク,2018年8月16日,2018年8月30日,2018年9月6日,合同会社AMANE,"38.354272, 140.861024",https://flic.kr/s/aHsmn7mQLL,Attribution-ShareAlike 2.0 Generic (CC BY-SA 2.0),合同会社AMANE,003−094は紐一括。
003,094,019,,自明治四十一年旧十二月　各自年度総計基帳,明治41,,,旧12,,大沼郡横田村　横田銀光会（朱印）,印文は「大沼郡上横田　銀光会」,,,縦帳,1,ヤフオク,2018年8月16日,2018年8月30日,2018年9月6日,合同会社AMANE,"38.354272, 140.861024",https://flic.kr/s/aHsmn7mQLL,Attribution-ShareAlike 2.0 Generic (CC BY-SA 2.0),合同会社AMANE,003−094は紐一括。
003,094,020,,大正三年度各月積立帳,（大正3ヵ）,,,,,上横田銀光会,,,,縦帳,1,ヤフオク,2018年8月16日,2018年8月30日,2018年9月6日,合同会社AMANE,"38.354272, 140.861024",https://flic.kr/s/aHsmn7mQLL,Attribution-ShareAlike 2.0 Generic (CC BY-SA 2.0),合同会社AMANE,003−094は紐一括。
003,094,021,,上横田銀光会積金通,明治43,,,1,8,会員　菅家デン（朱印）,印文は「大沼郡上横田　銀光会」,,,縦帳,1,ヤフオク,2018年8月16日,2018年8月30日,2018年9月6日,合同会社AMANE,"38.354272, 140.861024",https://flic.kr/s/aHsmn7mQLL,Attribution-ShareAlike 2.0 Generic (CC BY-SA 2.0),合同会社AMANE,003−094は紐一括。
003,094,022,,上横田銀光会積金通,明治39,,,旧12,15,会員　大沼郡横田村　滝沢ワイ（朱印）,印文は「大沼郡上横田　銀光会」,,,縦帳,1,ヤフオク,2018年8月16日,2018年8月30日,2018年9月6日,合同会社AMANE,"38.354272, 140.861024",https://flic.kr/s/aHsmn7mQLL,Attribution-ShareAlike 2.0 Generic (CC BY-SA 2.0),合同会社AMANE,003−094は紐一括。
003,094,023,,上横田銀光会々則,大正5,,,,,（朱印）,印文は「大沼郡上横田　銀光会」,,,縦帳,1,ヤフオク,2018年8月16日,2018年8月30日,2018年9月6日,合同会社AMANE,"38.354272, 140.861024",https://flic.kr/s/aHsmn7mQLL,Attribution-ShareAlike 2.0 Generic (CC BY-SA 2.0),合同会社AMANE,003−094は紐一括。裏表紙に「上横田銀光会ノ証類綴　大正五年一月ヨリ五ヶ年間大切ニ保そんす」とあり。
003,094,024,,明治卅七歳［陰］歴四月改正　規則書,明治37,,,（4）,,横田青年積金会　,,,,縦帳,1,ヤフオク,2018年8月16日,2018年8月30日,2018年9月6日,合同会社AMANE,"38.354272, 140.861024",https://flic.kr/s/aHsmn7mQLL,Attribution-ShareAlike 2.0 Generic (CC BY-SA 2.0),合同会社AMANE,003−094は紐一括。
003,094,025,,上横田銀光会積金通,明治39,,,旧12,15,会員　滝沢イセ（朱印）,印文は「大沼郡上横田　銀光会」,,,縦帳,1,ヤフオク,2018年8月16日,2018年8月30日,2018年9月6日,合同会社AMANE,"38.354272, 140.861024",https://flic.kr/s/aHsmn7mQLL,Attribution-ShareAlike 2.0 Generic (CC BY-SA 2.0),合同会社AMANE,003−094は紐一括。
003,094,026,,上横田銀光会積金通,明治39,,,旧12,15,会員　滝沢ヤス、譲受人　滝沢トクノ（朱印）,印文は「大沼郡上横田　銀光会」,,,縦帳,1,ヤフオク,2018年8月16日,2018年8月30日,2018年9月6日,合同会社AMANE,"38.354272, 140.861024",https://flic.kr/s/aHsmn7mQLL,Attribution-ShareAlike 2.0 Generic (CC BY-SA 2.0),合同会社AMANE,003−094は紐一括。
003,094,027,,上横田銀光会積金通,明治39,,,旧12,15,会員　滝沢マチ（朱印）,印文は「大沼郡上横田　銀光会」,,,縦帳,1,ヤフオク,2018年8月16日,2018年8月30日,2018年9月6日,合同会社AMANE,"38.354272, 140.861024",https://flic.kr/s/aHsmn7mQLL,Attribution-ShareAlike 2.0 Generic (CC BY-SA 2.0),合同会社AMANE,003−094は紐一括。
003,094,028,,上横田銀光会積金通,明治39,,,旧12,15,会員　菅家トラ（朱印）,印文は「大沼郡上横田　銀光会」,,,縦帳,1,ヤフオク,2018年8月16日,2018年8月30日,2018年9月6日,合同会社AMANE,"38.354272, 140.861024",https://flic.kr/s/aHsmn7mQLL,Attribution-ShareAlike 2.0 Generic (CC BY-SA 2.0),合同会社AMANE,003−094は紐一括。
003,094,029,,明治四十五年度各月積立元帳,明治45,,,,,上横田銀光会,,,,縦帳,1,ヤフオク,2018年8月16日,2018年8月30日,2018年9月6日,合同会社AMANE,"38.354272, 140.861024",https://flic.kr/s/aHsmn7mQLL,Attribution-ShareAlike 2.0 Generic (CC BY-SA 2.0),合同会社AMANE,003−094は紐一括。
003,094,030,,大正四年十一月廿三日現在　各自持分高一覧表,大正4,,,11,23,上横田銀光会（朱印）,,,,横帳,1,ヤフオク,2018年8月16日,2018年8月30日,2018年9月6日,合同会社AMANE,"38.354272, 140.861024",https://flic.kr/s/aHsmn7mQLL,Attribution-ShareAlike 2.0 Generic (CC BY-SA 2.0),合同会社AMANE,003−094は紐一括。
003,094,031,,議事録,大正5,,,1,20,会長　滝沢徳徳次他,,,,縦帳,1,ヤフオク,2018年8月16日,2018年8月30日,2018年9月6日,合同会社AMANE,"38.354272, 140.861024",https://flic.kr/s/aHsmn7mQLL,Attribution-ShareAlike 2.0 Generic (CC BY-SA 2.0),合同会社AMANE,003−094は紐一括。
003,094,032,,（滝沢徳次宛滝沢初太郎書簡ヵ）,,,,,,横田　滝沢初太郎（朱印）,,上横田銀光会長　滝沢徳次殿,,切紙,1,ヤフオク,2018年8月16日,2018年8月30日,2018年9月6日,合同会社AMANE,"38.354272, 140.861024",https://flic.kr/s/aHsmn7mQLL,Attribution-ShareAlike 2.0 Generic (CC BY-SA 2.0),合同会社AMANE,003−094は紐一括。
003,094,033,,仲間勘定簿,大正3,,,1,8,,,,,横半帳,1,ヤフオク,2018年8月16日,2018年8月30日,2018年9月6日,合同会社AMANE,"38.354272, 140.861024",https://flic.kr/s/aHsmn7mQLL,Attribution-ShareAlike 2.0 Generic (CC BY-SA 2.0),合同会社AMANE,003−094は紐一括。
003,094,034,,大正弐年度各月積立帳,（大正2ヵ）,,,,,上横田銀光会,,,,縦帳,1,ヤフオク,2018年8月16日,2018年8月30日,2018年9月6日,合同会社AMANE,"38.354272, 140.861024",https://flic.kr/s/aHsmn7mQLL,Attribution-ShareAlike 2.0 Generic (CC BY-SA 2.0),合同会社AMANE,003−094は紐一括。
003,094,035,,上横田銀光会積金通,明治39,,,旧12,15,会員　菅家アサヲ（朱印）,印文は「大沼郡上横田　銀光会」,,,縦帳,1,ヤフオク,2018年8月16日,2018年8月30日,2018年9月6日,合同会社AMANE,"38.354272, 140.861024",https://flic.kr/s/aHsmn7mQLL,Attribution-ShareAlike 2.0 Generic (CC BY-SA 2.0),合同会社AMANE,003−094は紐一括。
003,094,036,,貸付帳,大正2,,,12,吉,滝沢徳次（朱印）,印文は「滝沢」,,,縦帳,1,ヤフオク,2018年8月16日,2018年8月30日,2018年9月6日,合同会社AMANE,"38.354272, 140.861024",https://flic.kr/s/aHsmn7mQLL,Attribution-ShareAlike 2.0 Generic (CC BY-SA 2.0),合同会社AMANE,003−094は紐一括。
003,094,037,,（借用金返済ニ付願書等綴）,大正4,,,11,21,貴勝,,上横田銀光会　会長殿,,縦帳,1,ヤフオク,2018年8月16日,2018年8月30日,2018年9月6日,合同会社AMANE,"38.354272, 140.861024",https://flic.kr/s/aHsmn7mQLL,Attribution-ShareAlike 2.0 Generic (CC BY-SA 2.0),合同会社AMANE,003−094は紐一括。
003,094,038,,（役員会決議書等綴）,（大正4）,,,,,大沼郡横田村大字横田上横田　上横田銀光会長　滝沢徳次　他,,,,縦帳,1,ヤフオク,2018年8月16日,2018年8月30日,2018年9月6日,合同会社AMANE,"38.354272, 140.861024",https://flic.kr/s/aHsmn7mQLL,Attribution-ShareAlike 2.0 Generic (CC BY-SA 2.0),合同会社AMANE,003−094は紐一括。
003,095,,,嘱託書,昭和22,,,2,1,横田村長代理助役　横田瑞稔（朱印）,印文は「福島県大沼郡横田村長代理助役印」,滝沢源一殿,,用紙（ガリ版）,1,ヤフオク,2018年8月16日,2018年8月30日,2018年9月6日,合同会社AMANE,"38.354272, 140.861024",https://flic.kr/s/aHsmn7mQLL,Attribution-ShareAlike 2.0 Generic (CC BY-SA 2.0),合同会社AMANE,
003,096,,,（福島県民生委員を委嘱する通達ヵ）,昭和21,,,11,22,厚生省,,滝沢源一,,用紙,1,ヤフオク,2018年8月16日,2018年8月30日,2018年9月6日,合同会社AMANE,"38.354272, 140.861024",https://flic.kr/s/aHsmn7mQLL,Attribution-ShareAlike 2.0 Generic (CC BY-SA 2.0),合同会社AMANE,
003,097,001,,幹部候補生志願入営祝餞別受納帳,昭和7,,,11,27,滝沢源一,,,,横帳合綴,1,ヤフオク,2018年8月16日,2018年8月30日,2018年9月6日,合同会社AMANE,"38.354272, 140.861024",https://flic.kr/s/aHsmn7mQLL,Attribution-ShareAlike 2.0 Generic (CC BY-SA 2.0),合同会社AMANE,003−097は紐一括。
003,097,002,,除隊祝儀受納帳,昭和8,,,11,3,滝沢徳次,,,,横帳合綴,1,ヤフオク,2018年8月16日,2018年8月30日,2018年9月6日,合同会社AMANE,"38.354272, 140.861024",https://flic.kr/s/aHsmn7mQLL,Attribution-ShareAlike 2.0 Generic (CC BY-SA 2.0),合同会社AMANE,003−097は紐一括。
003,097,003,,伊勢宮参祝義受納帳,昭和9,,,10,13,滝沢徳次夫婦,,,,横帳合綴,1,ヤフオク,2018年8月16日,2018年8月30日,2018年9月6日,合同会社AMANE,"38.354272, 140.861024",https://flic.kr/s/aHsmn7mQLL,Attribution-ShareAlike 2.0 Generic (CC BY-SA 2.0),合同会社AMANE,003−097は紐一括。
003,097,004,,昭和十二年秋　屋根替帳,昭和12,,,,,滝沢徳次,,,,横帳合綴,1,ヤフオク,2018年8月16日,2018年8月30日,2018年9月6日,合同会社AMANE,"38.354272, 140.861024",https://flic.kr/s/aHsmn7mQLL,Attribution-ShareAlike 2.0 Generic (CC BY-SA 2.0),合同会社AMANE,003−097は紐一括。
003,097,005,,滝沢アイ子合格祝儀受納帳,昭和15,,,3,24,,,,,横帳合綴,1,ヤフオク,2018年8月16日,2018年8月30日,2018年9月6日,合同会社AMANE,"38.354272, 140.861024",https://flic.kr/s/aHsmn7mQLL,Attribution-ShareAlike 2.0 Generic (CC BY-SA 2.0),合同会社AMANE,003−097は紐一括。
003,097,006,,滝沢二男除隊祝儀受納帳,昭和17,,,2,10,滝沢家,,,,横帳合綴,1,ヤフオク,2018年8月16日,2018年8月30日,2018年9月6日,合同会社AMANE,"38.354272, 140.861024",https://flic.kr/s/aHsmn7mQLL,Attribution-ShareAlike 2.0 Generic (CC BY-SA 2.0),合同会社AMANE,003−097は紐一括。
003,097,007,,初老祝受納帳,昭和28,,,旧正,5,滝沢源一,,,,横帳合綴,1,ヤフオク,2018年8月16日,2018年8月30日,2018年9月6日,合同会社AMANE,"38.354272, 140.861024",https://flic.kr/s/aHsmn7mQLL,Attribution-ShareAlike 2.0 Generic (CC BY-SA 2.0),合同会社AMANE,003−097は紐一括。
003,097,008,,厄日待御野菜受納帳　,昭和28,,,旧正,5,四十二才　滝沢源一,,,,横帳合綴,1,ヤフオク,2018年8月16日,2018年8月30日,2018年9月6日,合同会社AMANE,"38.354272, 140.861024",https://flic.kr/s/aHsmn7mQLL,Attribution-ShareAlike 2.0 Generic (CC BY-SA 2.0),合同会社AMANE,003−097は紐一括。
003,097,009,,滝沢源一夫婦伊勢参宮祝受納帳,昭和15,,,12,31,滝沢徳次,,,,横帳合綴,1,ヤフオク,2018年8月16日,2018年8月30日,2018年9月6日,合同会社AMANE,"38.354272, 140.861024",https://flic.kr/s/aHsmn7mQLL,Attribution-ShareAlike 2.0 Generic (CC BY-SA 2.0),合同会社AMANE,003−097は紐一括。
003,097,010,,昭和十六年九月廿日教育召集　同年十月十三日臨時召集　滝沢源一第二次召集祝受帳,昭和16,,,,,,,,,横帳合綴,1,ヤフオク,2018年8月16日,2018年8月30日,2018年9月6日,合同会社AMANE,"38.354272, 140.861024",https://flic.kr/s/aHsmn7mQLL,Attribution-ShareAlike 2.0 Generic (CC BY-SA 2.0),合同会社AMANE,003−097は紐一括。
003,097,011,,滝沢二男入営御祝儀受納帳,昭和13,,,9,1,滝沢徳次,,,,横帳合綴,1,ヤフオク,2018年8月16日,2018年8月30日,2018年9月6日,合同会社AMANE,"38.354272, 140.861024",https://flic.kr/s/aHsmn7mQLL,Attribution-ShareAlike 2.0 Generic (CC BY-SA 2.0),合同会社AMANE,003−097は紐一括。
003,097,012,,滝沢二男入隊御祝儀帳,昭和17,,,5,17,滝沢徳次,,,,横帳合綴,1,ヤフオク,2018年8月16日,2018年8月30日,2018年9月6日,合同会社AMANE,"38.354272, 140.861024",https://flic.kr/s/aHsmn7mQLL,Attribution-ShareAlike 2.0 Generic (CC BY-SA 2.0),合同会社AMANE,003−097は紐一括。
003,097,013,,祝出征御餞別受納帳　,昭和12,,,10,13,滝沢源一,,,,横帳合綴,1,ヤフオク,2018年8月16日,2018年8月30日,2018年9月6日,合同会社AMANE,"38.354272, 140.861024",https://flic.kr/s/aHsmn7mQLL,Attribution-ShareAlike 2.0 Generic (CC BY-SA 2.0),合同会社AMANE,003−097は紐一括。
003,097,014,,四十二歳厄日待　御祝儀受納帳　,昭和6,,,正,17,滝沢徳次,,,,横帳合綴,1,ヤフオク,2018年8月16日,2018年8月30日,2018年9月6日,合同会社AMANE,"38.354272, 140.861024",https://flic.kr/s/aHsmn7mQLL,Attribution-ShareAlike 2.0 Generic (CC BY-SA 2.0),合同会社AMANE,003−097は紐一括。
003,097,015,,四十二歳厄日待　御祝土産受納帳　,,,,,,滝沢徳次,,,,横帳合綴,1,ヤフオク,2018年8月16日,2018年8月30日,2018年9月6日,合同会社AMANE,"38.354272, 140.861024",https://flic.kr/s/aHsmn7mQLL,Attribution-ShareAlike 2.0 Generic (CC BY-SA 2.0),合同会社AMANE,003−097は紐一括。
003,097,016,,祝滝沢三雄出征餞別受納帳,昭和14,,,6,1,,,,,横帳合綴,1,ヤフオク,2018年8月16日,2018年8月30日,2018年9月6日,合同会社AMANE,"38.354272, 140.861024",https://flic.kr/s/aHsmn7mQLL,Attribution-ShareAlike 2.0 Generic (CC BY-SA 2.0),合同会社AMANE,003−097は紐一括。
003,097,017,,長男出生祝受納帳　,昭和18,,,4,12,滝沢源一,,,,横帳合綴,1,ヤフオク,2018年8月16日,2018年8月30日,2018年9月6日,合同会社AMANE,"38.354272, 140.861024",https://flic.kr/s/aHsmn7mQLL,Attribution-ShareAlike 2.0 Generic (CC BY-SA 2.0),合同会社AMANE,003−097は紐一括。
003,098,000,,香料受納帳,,,,,,,,,,横帳合綴,1,ヤフオク,2018年8月16日,2018年8月30日,2018年9月6日,合同会社AMANE,"38.354272, 140.861024",https://flic.kr/s/aHsmn7mQLL,Attribution-ShareAlike 2.0 Generic (CC BY-SA 2.0),合同会社AMANE,003−098は紐一括。
003,098,001,,野菜受納帳　,明治34,,,旧5,17,滝沢徳次,,,,横帳合綴,1,ヤフオク,2018年8月16日,2018年8月30日,2018年9月6日,合同会社AMANE,"38.354272, 140.861024",https://flic.kr/s/aHsmn7mQLL,Attribution-ShareAlike 2.0 Generic (CC BY-SA 2.0),合同会社AMANE,003−098は紐一括。表紙に「親父死去ノ節」とあり。
003,098,002,,（去事香料受納帳ヵ）,大正5,,,正,17,滝沢徳次,,,,横帳合綴,1,ヤフオク,2018年8月16日,2018年8月30日,2018年9月6日,合同会社AMANE,"38.354272, 140.861024",https://flic.kr/s/aHsmn7mQLL,Attribution-ShareAlike 2.0 Generic (CC BY-SA 2.0),合同会社AMANE,003−098は紐一括。
003,098,003,,祖母死去ニ付香代受納帳,昭和元,,,12,30,滝沢徳次,,,,横帳合綴,1,ヤフオク,2018年8月16日,2018年8月30日,2018年9月6日,合同会社AMANE,"38.354272, 140.861024",https://flic.kr/s/aHsmn7mQLL,Attribution-ShareAlike 2.0 Generic (CC BY-SA 2.0),合同会社AMANE,003−098は紐一括。
003,098,004,,祖母死去ニ付野菜受納帳　,昭和元,,,12,30,滝沢徳次,,,,横帳合綴,1,ヤフオク,2018年8月16日,2018年8月30日,2018年9月6日,合同会社AMANE,"38.354272, 140.861024",https://flic.kr/s/aHsmn7mQLL,Attribution-ShareAlike 2.0 Generic (CC BY-SA 2.0),合同会社AMANE,003−098は紐一括。
003,098,005,,滝沢昭死去ニ付御番料受納帳　,昭和5,,,3,5,,,,,横帳合綴,1,ヤフオク,2018年8月16日,2018年8月30日,2018年9月6日,合同会社AMANE,"38.354272, 140.861024",https://flic.kr/s/aHsmn7mQLL,Attribution-ShareAlike 2.0 Generic (CC BY-SA 2.0),合同会社AMANE,003−098は紐一括。表紙に「実家ニテ舞葬」とあり。
003,098,006,,滝沢長太死去ニ付御香料受納帳,昭和6,,,5,25,,,,,横帳合綴,1,ヤフオク,2018年8月16日,2018年8月30日,2018年9月6日,合同会社AMANE,"38.354272, 140.861024",https://flic.kr/s/aHsmn7mQLL,Attribution-ShareAlike 2.0 Generic (CC BY-SA 2.0),合同会社AMANE,003−098は紐一括。
003,098,007,,滝沢長太死去ニ付御土産［　］,昭和6,,,5,25,,,,,横帳合綴,1,ヤフオク,2018年8月16日,2018年8月30日,2018年9月6日,合同会社AMANE,"38.354272, 140.861024",https://flic.kr/s/aHsmn7mQLL,Attribution-ShareAlike 2.0 Generic (CC BY-SA 2.0),合同会社AMANE,003−098は紐一括。
003,098,008,,滝沢紘子　葬儀野菜受納帖,,,,,,滝沢三雄,,,,横帳合綴,1,ヤフオク,2018年8月16日,2018年8月30日,2018年9月6日,合同会社AMANE,"38.354272, 140.861024",https://flic.kr/s/aHsmn7mQLL,Attribution-ShareAlike 2.0 Generic (CC BY-SA 2.0),合同会社AMANE,003−098は紐一括。
003,098,009,,故滝沢ヤス　葬儀御香奠受納帳,昭和23,,,10,18,施主　滝沢徳次,,,,横帳合綴,1,ヤフオク,2018年8月16日,2018年8月30日,2018年9月6日,合同会社AMANE,"38.354272, 140.861024",https://flic.kr/s/aHsmn7mQLL,Attribution-ShareAlike 2.0 Generic (CC BY-SA 2.0),合同会社AMANE,003−098は紐一括。
003,098,010,,故母ヤス　葬儀御野菜受納帳,昭和23,,,10,18,施主　滝沢徳次,,,,横帳合綴,1,ヤフオク,2018年8月16日,2018年8月30日,2018年9月6日,合同会社AMANE,"38.354272, 140.861024",https://flic.kr/s/aHsmn7mQLL,Attribution-ShareAlike 2.0 Generic (CC BY-SA 2.0),合同会社AMANE,003−098は紐一括。
003,098,011,,母ヤス葬儀招待客,昭和22,,,10,20,滝沢徳次,,,,横帳合綴,1,ヤフオク,2018年8月16日,2018年8月30日,2018年9月6日,合同会社AMANE,"38.354272, 140.861024",https://flic.kr/s/aHsmn7mQLL,Attribution-ShareAlike 2.0 Generic (CC BY-SA 2.0),合同会社AMANE,003−098は紐一括。
003,098,012,,滝沢紘子　葬儀香典受納帖,,,,,,滝沢三雄,,,,横帳合綴,1,ヤフオク,2018年8月16日,2018年8月30日,2018年9月6日,合同会社AMANE,"38.354272, 140.861024",https://flic.kr/s/aHsmn7mQLL,Attribution-ShareAlike 2.0 Generic (CC BY-SA 2.0),合同会社AMANE,003−098は紐一括。
003,099,000,,婚礼御祝帳,,,,,,,,,,横帳合綴,1,ヤフオク,2018年8月16日,2018年8月30日,2018年9月6日,合同会社AMANE,"38.354272, 140.861024",https://flic.kr/s/aHsmn7mQLL,Attribution-ShareAlike 2.0 Generic (CC BY-SA 2.0),合同会社AMANE,003−099は紐一括。
003,099,001,,明治四拾参年度婚礼祝儀受納帳,明治43,,,旧正,4,滝沢オキサ、滝沢徳次,,,,横帳合綴,1,ヤフオク,2018年8月16日,2018年8月30日,2018年9月6日,合同会社AMANE,"38.354272, 140.861024",https://flic.kr/s/aHsmn7mQLL,Attribution-ShareAlike 2.0 Generic (CC BY-SA 2.0),合同会社AMANE,003−099は紐一括。
003,099,002,,明治四拾参年度婚礼土産受納帳,明治43,,,旧正,4,滝沢オキサ、滝沢徳次,,,,横帳合綴,1,ヤフオク,2018年8月16日,2018年8月30日,2018年9月6日,合同会社AMANE,"38.354272, 140.861024",https://flic.kr/s/aHsmn7mQLL,Attribution-ShareAlike 2.0 Generic (CC BY-SA 2.0),合同会社AMANE,003−099は紐一括。
003,099,003,,婚礼祝儀受納帳　　,明治44,,,正,吉,［滝沢徳次］,,,,横帳合綴,1,ヤフオク,2018年8月16日,2018年8月30日,2018年9月6日,合同会社AMANE,"38.354272, 140.861024",https://flic.kr/s/aHsmn7mQLL,Attribution-ShareAlike 2.0 Generic (CC BY-SA 2.0),合同会社AMANE,003−099は紐一括。表紙に「徳次御花ヨメ［　］」とあり。
003,099,004,,土産受納帳,明治44,,,正,吉,［滝沢徳］,,,,横帳合綴,1,ヤフオク,2018年8月16日,2018年8月30日,2018年9月6日,合同会社AMANE,"38.354272, 140.861024",https://flic.kr/s/aHsmn7mQLL,Attribution-ShareAlike 2.0 Generic (CC BY-SA 2.0),合同会社AMANE,003−099は紐一括。表紙に「徳次ヨメ取リ」とあり。
003,099,005,,滝沢トクノ婚礼祝儀受納帳,大正4,,,正,吉,滝沢家　,,,,横帳合綴,1,ヤフオク,2018年8月16日,2018年8月30日,2018年9月6日,合同会社AMANE,"38.354272, 140.861024",https://flic.kr/s/aHsmn7mQLL,Attribution-ShareAlike 2.0 Generic (CC BY-SA 2.0),合同会社AMANE,003−099は紐一括。
003,099,006,,献立,,,,,,,,,,横帳合綴,1,ヤフオク,2018年8月16日,2018年8月30日,2018年9月6日,合同会社AMANE,"38.354272, 140.861024",https://flic.kr/s/aHsmn7mQLL,Attribution-ShareAlike 2.0 Generic (CC BY-SA 2.0),合同会社AMANE,003−099は紐一括。
003,099,007,,婚礼祝儀受納帳,昭和8,,,正,吉,滝沢徳次,,,,横帳合綴,1,ヤフオク,2018年8月16日,2018年8月30日,2018年9月6日,合同会社AMANE,"38.354272, 140.861024",https://flic.kr/s/aHsmn7mQLL,Attribution-ShareAlike 2.0 Generic (CC BY-SA 2.0),合同会社AMANE,003−099は紐一括。
003,099,008,,婚礼土産受納帳,昭和8,,,正,17,滝沢徳次,,,,横帳合綴,1,ヤフオク,2018年8月16日,2018年8月30日,2018年9月6日,合同会社AMANE,"38.354272, 140.861024",https://flic.kr/s/aHsmn7mQLL,Attribution-ShareAlike 2.0 Generic (CC BY-SA 2.0),合同会社AMANE,003−099は紐一括。
003,099,009,,寿婚礼御祝儀受納帳,昭和15,,,11,23,滝沢徳次,,,,横帳合綴,1,ヤフオク,2018年8月16日,2018年8月30日,2018年9月6日,合同会社AMANE,"38.354272, 140.861024",https://flic.kr/s/aHsmn7mQLL,Attribution-ShareAlike 2.0 Generic (CC BY-SA 2.0),合同会社AMANE,003−099は紐一括。
003,099,010,,寿婚礼御野菜受納帳,昭和15,,,11,23,滝沢徳次,,,,横帳合綴,1,ヤフオク,2018年8月16日,2018年8月30日,2018年9月6日,合同会社AMANE,"38.354272, 140.861024",https://flic.kr/s/aHsmn7mQLL,Attribution-ShareAlike 2.0 Generic (CC BY-SA 2.0),合同会社AMANE,003−099は紐一括。
003,099,011,,［四（抹消）］　長女滝沢アツ子　寿家来行祝儀受納帳,昭和16,,,11,19,滝沢徳次,,,,横帳合綴,1,ヤフオク,2018年8月16日,2018年8月30日,2018年9月6日,合同会社AMANE,"38.354272, 140.861024",https://flic.kr/s/aHsmn7mQLL,Attribution-ShareAlike 2.0 Generic (CC BY-SA 2.0),合同会社AMANE,003−099は紐一括。
003,099,012,,四女滝沢アツ子　寿家来行野菜受納帳,昭和16,,,11,19,滝沢徳次,,,,横帳合綴,1,ヤフオク,2018年8月16日,2018年8月30日,2018年9月6日,合同会社AMANE,"38.354272, 140.861024",https://flic.kr/s/aHsmn7mQLL,Attribution-ShareAlike 2.0 Generic (CC BY-SA 2.0),合同会社AMANE,003−099は紐一括。
003,099,013,,四女滝沢アツ子　寿家来行招待客,昭和16,,,11,19,滝沢徳次,,,,横帳合綴,1,ヤフオク,2018年8月16日,2018年8月30日,2018年9月6日,合同会社AMANE,"38.354272, 140.861024",https://flic.kr/s/aHsmn7mQLL,Attribution-ShareAlike 2.0 Generic (CC BY-SA 2.0),合同会社AMANE,003−099は紐一括。
003,099,014,,四女滝沢アツ子　寿家来行献立帳,昭和16,,,11,19,滝沢徳次,,,,横帳合綴,1,ヤフオク,2018年8月16日,2018年8月30日,2018年9月6日,合同会社AMANE,"38.354272, 140.861024",https://flic.kr/s/aHsmn7mQLL,Attribution-ShareAlike 2.0 Generic (CC BY-SA 2.0),合同会社AMANE,003−099は紐一括。
003,099,015,,二男滝沢二男　婚礼祝儀受納帳,昭和29,,,12,1,滝沢徳次,,,,横帳合綴,1,ヤフオク,2018年8月16日,2018年8月30日,2018年9月6日,合同会社AMANE,"38.354272, 140.861024",https://flic.kr/s/aHsmn7mQLL,Attribution-ShareAlike 2.0 Generic (CC BY-SA 2.0),合同会社AMANE,003−099は紐一括。
003,099,016,,二男滝沢二男　婚礼野菜受納帳,昭和29,,,12,1,滝沢徳次,,,,横帳合綴,1,ヤフオク,2018年8月16日,2018年8月30日,2018年9月6日,合同会社AMANE,"38.354272, 140.861024",https://flic.kr/s/aHsmn7mQLL,Attribution-ShareAlike 2.0 Generic (CC BY-SA 2.0),合同会社AMANE,003−099は紐一括。
003,099,017,,婚礼献立,,,,,,,,,,横帳合綴,1,ヤフオク,2018年8月16日,2018年8月30日,2018年9月6日,合同会社AMANE,"38.354272, 140.861024",https://flic.kr/s/aHsmn7mQLL,Attribution-ShareAlike 2.0 Generic (CC BY-SA 2.0),合同会社AMANE,003−099は紐一括。
003,099,018,,目録,,,,3,25,渡部義美,,滝沢徳次様,,横帳合綴,1,ヤフオク,2018年8月16日,2018年8月30日,2018年9月6日,合同会社AMANE,"38.354272, 140.861024",https://flic.kr/s/aHsmn7mQLL,Attribution-ShareAlike 2.0 Generic (CC BY-SA 2.0),合同会社AMANE,003−099は紐一括。
003,099,019,,次女滝沢アイ子　寿家来行祝儀受納帳,昭和22,,,3,25,滝沢徳次,,,,横帳合綴,1,ヤフオク,2018年8月16日,2018年8月30日,2018年9月6日,合同会社AMANE,"38.354272, 140.861024",https://flic.kr/s/aHsmn7mQLL,Attribution-ShareAlike 2.0 Generic (CC BY-SA 2.0),合同会社AMANE,003−099は紐一括。
003,099,020,,招待客,,,,,,,,,,横帳合綴,1,ヤフオク,2018年8月16日,2018年8月30日,2018年9月6日,合同会社AMANE,"38.354272, 140.861024",https://flic.kr/s/aHsmn7mQLL,Attribution-ShareAlike 2.0 Generic (CC BY-SA 2.0),合同会社AMANE,003−099は紐一括。
003,099,021,,次女滝沢アイ子　寿家来行野菜受納帳,昭和22,,,3,25,滝沢徳次,,,,横帳合綴,1,ヤフオク,2018年8月16日,2018年8月30日,2018年9月6日,合同会社AMANE,"38.354272, 140.861024",https://flic.kr/s/aHsmn7mQLL,Attribution-ShareAlike 2.0 Generic (CC BY-SA 2.0),合同会社AMANE,003−099は紐一括。
003,099,022,,婚礼献立,,,,,,,,,,横帳合綴,1,ヤフオク,2018年8月16日,2018年8月30日,2018年9月6日,合同会社AMANE,"38.354272, 140.861024",https://flic.kr/s/aHsmn7mQLL,Attribution-ShareAlike 2.0 Generic (CC BY-SA 2.0),合同会社AMANE,003−099は紐一括。
003,099,023,,目録,昭和15,,,11,23,新国長次,,滝沢徳次様,,横帳合綴,1,ヤフオク,2018年8月16日,2018年8月30日,2018年9月6日,合同会社AMANE,"38.354272, 140.861024",https://flic.kr/s/aHsmn7mQLL,Attribution-ShareAlike 2.0 Generic (CC BY-SA 2.0),合同会社AMANE,003−099は紐一括。
003,099,024,,滝沢三男　寿婚礼御祝儀受納帳,昭和18,,,11,3,滝沢徳次,,,,横帳合綴,1,ヤフオク,2018年8月16日,2018年8月30日,2018年9月6日,合同会社AMANE,"38.354272, 140.861024",https://flic.kr/s/aHsmn7mQLL,Attribution-ShareAlike 2.0 Generic (CC BY-SA 2.0),合同会社AMANE,003−099は紐一括。
003,099,025,,（献立ヵ）,,,,,,,,,,横帳合綴,1,ヤフオク,2018年8月16日,2018年8月30日,2018年9月6日,合同会社AMANE,"38.354272, 140.861024",https://flic.kr/s/aHsmn7mQLL,Attribution-ShareAlike 2.0 Generic (CC BY-SA 2.0),合同会社AMANE,003−099は紐一括。
003,099,026,,目録,,,,,,,,,,横帳合綴,1,ヤフオク,2018年8月16日,2018年8月30日,2018年9月6日,合同会社AMANE,"38.354272, 140.861024",https://flic.kr/s/aHsmn7mQLL,Attribution-ShareAlike 2.0 Generic (CC BY-SA 2.0),合同会社AMANE,003−099は紐一括。
003,099,027,,下目録,,,,,,,,,,横帳合綴,1,ヤフオク,2018年8月16日,2018年8月30日,2018年9月6日,合同会社AMANE,"38.354272, 140.861024",https://flic.kr/s/aHsmn7mQLL,Attribution-ShareAlike 2.0 Generic (CC BY-SA 2.0),合同会社AMANE,003−099は紐一括。
003,099,028,,目録,,,,,,,,,,横帳合綴,1,ヤフオク,2018年8月16日,2018年8月30日,2018年9月6日,合同会社AMANE,"38.354272, 140.861024",https://flic.kr/s/aHsmn7mQLL,Attribution-ShareAlike 2.0 Generic (CC BY-SA 2.0),合同会社AMANE,003−099は紐一括。
003,099,029,,滝沢三男　寿婚礼御野菜受納帳,昭和18,,,11,3,滝沢徳次,,,,横帳合綴,1,ヤフオク,2018年8月16日,2018年8月30日,2018年9月6日,合同会社AMANE,"38.354272, 140.861024",https://flic.kr/s/aHsmn7mQLL,Attribution-ShareAlike 2.0 Generic (CC BY-SA 2.0),合同会社AMANE,003−099は紐一括。
003,100,000,,紐,,,,,,,,,,紐,1,ヤフオク,2018年8月16日,2018年8月30日,2018年9月6日,合同会社AMANE,"38.354272, 140.861024",https://flic.kr/s/aHsmn7mQLL,Attribution-ShareAlike 2.0 Generic (CC BY-SA 2.0),合同会社AMANE,003−100は紐一括。
003,100,001,,昭和二十六年中農業経営調査月報　,昭和26,,,,,滝沢源一,,,,用紙綴ヵ,1,ヤフオク,2018年8月16日,2018年8月30日,2018年9月6日,合同会社AMANE,"38.354272, 140.861024",https://flic.kr/s/aHsmn7mQLL,Attribution-ShareAlike 2.0 Generic (CC BY-SA 2.0),合同会社AMANE,003−100は紐一括。
003,100,002,,昭和二十七年中農業経営調査月報,昭和27,,,,,滝沢源一,,,,用紙（活版印刷）,13（表紙を除く）,ヤフオク,2018年8月16日,2018年8月30日,2018年9月6日,合同会社AMANE,"38.354272, 140.861024",https://flic.kr/s/aHsmn7mQLL,Attribution-ShareAlike 2.0 Generic (CC BY-SA 2.0),合同会社AMANE,003−100は紐一括。綴を想定していた？
003,100,003,,農政資料　昭和二十六年度農家経済の動態　,昭和27,,,,,福島県農家経済研究所,,,,冊子（印刷）,1,ヤフオク,2018年8月16日,2018年8月30日,2018年9月6日,合同会社AMANE,"38.354272, 140.861024",https://flic.kr/s/aHsmn7mQLL,Attribution-ShareAlike 2.0 Generic (CC BY-SA 2.0),合同会社AMANE,003−100は紐一括。
003,100,004,,農政資料　水田単作地帯に於ける農業経営改善に関する調査研究　,昭和27,,,5,,福島県農家経済研究所,,,,冊子（印刷）,1,ヤフオク,2018年8月16日,2018年8月30日,2018年9月6日,合同会社AMANE,"38.354272, 140.861024",https://flic.kr/s/aHsmn7mQLL,Attribution-ShareAlike 2.0 Generic (CC BY-SA 2.0),合同会社AMANE,003−100は紐一括。
003,100,005,,農業経営改善資料　福島県　農家経済動態調査　昭和27年1月分集計　,（昭和27ヵ）,,,（1ヵ）,,福島県経済部農政課,,,,用紙綴ヵ,1,ヤフオク,2018年8月16日,2018年8月30日,2018年9月6日,合同会社AMANE,"38.354272, 140.861024",https://flic.kr/s/aHsmn7mQLL,Attribution-ShareAlike 2.0 Generic (CC BY-SA 2.0),合同会社AMANE,003−100は紐一括。綴はホッチキス綴ヵ。
003,100,006,,農政資料　昭和二十七年度麦生産費に関する調査,昭和27,,,11,,福島県農家経済研究所,,,,冊子,1,ヤフオク,2018年8月16日,2018年8月30日,2018年9月6日,合同会社AMANE,"38.354272, 140.861024",https://flic.kr/s/aHsmn7mQLL,Attribution-ShareAlike 2.0 Generic (CC BY-SA 2.0),合同会社AMANE,003−100は紐一括。
003,100,007,,昭和26年度米大豆生産費に関する調査,（昭和27ヵ）,,,（3ヵ）,,福島県経済部農政課,,,,冊子,1,ヤフオク,2018年8月16日,2018年8月30日,2018年9月6日,合同会社AMANE,"38.354272, 140.861024",https://flic.kr/s/aHsmn7mQLL,Attribution-ShareAlike 2.0 Generic (CC BY-SA 2.0),合同会社AMANE,003−100は紐一括。裏表紙に「胆伸社納」とあり。
003,100,008,,農業経営改善資料　福島県　農家経済動態調査　昭和27年3月〜4月　,（昭和27ヵ）,,,（3・4ヵ）,,福島県農家経済研究所,,,,冊子,1,ヤフオク,2018年8月16日,2018年8月30日,2018年9月6日,合同会社AMANE,"38.354272, 140.861024",https://flic.kr/s/aHsmn7mQLL,Attribution-ShareAlike 2.0 Generic (CC BY-SA 2.0),合同会社AMANE,003−100は紐一括。裏表紙に「胆伸社納」とあり。
003,100,009,,農業経営改善資料　福島県　農家経済動態調査　昭和27年5月分　,（昭和27ヵ）,,,（5ヵ）,,福島県農家経済研究所,,,,冊子,1,ヤフオク,2018年8月16日,2018年8月30日,2018年9月6日,合同会社AMANE,"38.354272, 140.861024",https://flic.kr/s/aHsmn7mQLL,Attribution-ShareAlike 2.0 Generic (CC BY-SA 2.0),合同会社AMANE,003−100は紐一括。裏表紙に「胆伸社納」とあり。
003,100,010,,農業経営改善資料　福島県　農家経済動態調査　昭和27年6月分　,（昭和27ヵ）,,,（6ヵ）,,福島県農家経済研究所,,,,冊子,1,ヤフオク,2018年8月16日,2018年8月30日,2018年9月6日,合同会社AMANE,"38.354272, 140.861024",https://flic.kr/s/aHsmn7mQLL,Attribution-ShareAlike 2.0 Generic (CC BY-SA 2.0),合同会社AMANE,003−100は紐一括。
003,100,011,,農業経営改善資料　福島県　農家経済動態調査　昭和27年7月〜8月分　,（昭和27ヵ）,,,（7・8ヵ）,,福島県農家経済研究所,,,,冊子,1,ヤフオク,2018年8月16日,2018年8月30日,2018年9月6日,合同会社AMANE,"38.354272, 140.861024",https://flic.kr/s/aHsmn7mQLL,Attribution-ShareAlike 2.0 Generic (CC BY-SA 2.0),合同会社AMANE,003−100は紐一括。裏表紙に「胆伸社納」とあり。
003,100,012,,農業経営改善資料　福島県　農家経済動態調査　昭和27年9月〜10月分　,（昭和27ヵ）,,,（9・10ヵ）,,福島県農家経済研究所,,,,冊子,1,ヤフオク,2018年8月16日,2018年8月30日,2018年9月6日,合同会社AMANE,"38.354272, 140.861024",https://flic.kr/s/aHsmn7mQLL,Attribution-ShareAlike 2.0 Generic (CC BY-SA 2.0),合同会社AMANE,003−100は紐一括。裏表紙に「胆伸社納」とあり。
003,100,013,,昭和二十六年　やさしい農家簿記　横田村　滝沢源一,昭和25,,,11,25,編集者　福島県教育指導農業協同組合連合会、発行者　福島県農家簿記普及会、印刷所　山川印刷所,,,,冊子（活版印刷）,1,ヤフオク,2018年8月16日,2018年8月30日,2018年9月6日,合同会社AMANE,"38.354272, 140.861024",https://flic.kr/s/aHsmn7mQLL,Attribution-ShareAlike 2.0 Generic (CC BY-SA 2.0),合同会社AMANE,003−100は紐一括。年代は発行日。
003,100,014,,昭和二十七年　やさしい農家簿記　横田村　滝沢源一,昭和25,,,11,25,編集者　福島県教育指導農業協同組合連合会、発行者　福島県農家簿記普及会、印刷所　小浜印刷株式会社　小浜寅浜,,,,冊子（活版印刷）,1,ヤフオク,2018年8月16日,2018年8月30日,2018年9月6日,合同会社AMANE,"38.354272, 140.861024",https://flic.kr/s/aHsmn7mQLL,Attribution-ShareAlike 2.0 Generic (CC BY-SA 2.0),合同会社AMANE,003−100は紐一括。用紙3点挟み込みあり
003,101,000,,紐,,,,,,,,,,紐,1,ヤフオク,2018年8月16日,2018年8月30日,2018年9月6日,合同会社AMANE,"38.354272, 140.861024",https://flic.kr/s/aHsmn7mQLL,Attribution-ShareAlike 2.0 Generic (CC BY-SA 2.0),合同会社AMANE,003−101は紐一括。
003,101,001,,昭和二十三年度　家計簿　,昭和22,,,12,,滝沢源一,,,,冊子,1,ヤフオク,2018年8月16日,2018年8月30日,2018年9月6日,合同会社AMANE,"38.354272, 140.861024",https://flic.kr/s/aHsmn7mQLL,Attribution-ShareAlike 2.0 Generic (CC BY-SA 2.0),合同会社AMANE,003−101は紐一括。冊子は「A五表紙共三十二枚　岡本ノート製」。裏表紙に「昭和二十二年十二月以降　金銭収支簿　滝沢源一」・「中等学校用」・「文部省選定」とあり。
003,101,002,,自昭和二十三年八月廿三日　日記　,昭和23,,,8,,滝沢源一,,,,冊子,1,ヤフオク,2018年8月16日,2018年8月30日,2018年9月6日,合同会社AMANE,"38.354272, 140.861024",https://flic.kr/s/aHsmn7mQLL,Attribution-ShareAlike 2.0 Generic (CC BY-SA 2.0),合同会社AMANE,003−101は紐一括。裏表紙に「NOTEBOOK（福島県日本勧業銀行）」とあり。
003,101,003,,昭和二十三年度　その日その日　,昭和23,,,,,滝沢源一,,,,冊子,1,ヤフオク,2018年8月16日,2018年8月30日,2018年9月6日,合同会社AMANE,"38.354272, 140.861024",https://flic.kr/s/aHsmn7mQLL,Attribution-ShareAlike 2.0 Generic (CC BY-SA 2.0),合同会社AMANE,003−101は紐一括。
003,101,004,,自由日記,昭和21,,,,,滝沢源一,,,,冊子,1,ヤフオク,2018年8月16日,2018年8月30日,2018年9月6日,合同会社AMANE,"38.354272, 140.861024",https://flic.kr/s/aHsmn7mQLL,Attribution-ShareAlike 2.0 Generic (CC BY-SA 2.0),合同会社AMANE,003−101は紐一括。裏表紙に「定価　税込￥3.60」とあり。
003,101,005,,農業経営調査月報,,,,,,,,,,用紙,6,ヤフオク,2018年8月16日,2018年8月30日,2018年9月6日,合同会社AMANE,"38.354272, 140.861024",https://flic.kr/s/aHsmn7mQLL,Attribution-ShareAlike 2.0 Generic (CC BY-SA 2.0),合同会社AMANE,003−101は紐一括。
003,101,006,,昭和二十二年度　月報作業実施表　,（昭和22ヵ）,,,,,滝沢源一,,,,,1,ヤフオク,2018年8月16日,2018年8月30日,2018年9月6日,合同会社AMANE,"38.354272, 140.861024",https://flic.kr/s/aHsmn7mQLL,Attribution-ShareAlike 2.0 Generic (CC BY-SA 2.0),合同会社AMANE,003−101は紐一括。